#
# There is insufficient memory for the Java Runtime Environment to continue.
# Native memory allocation (mmap) failed to map 269484032 bytes. Error detail: G1 virtual space
# Possible reasons:
#   The system is out of physical RAM or swap space
#   This process is running with CompressedOops enabled, and the Java Heap may be blocking the growth of the native heap
# Possible solutions:
#   Reduce memory load on the system
#   Increase physical memory or swap space
#   Check if swap backing store is full
#   Decrease Java heap size (-Xmx/-Xms)
#   Decrease number of Java threads
#   Decrease Java thread stack sizes (-Xss)
#   Set larger code cache with -XX:ReservedCodeCacheSize=
#   JVM is running with Unscaled Compressed Oops mode in which the Java heap is
#     placed in the first 4GB address space. The Java Heap base address is the
#     maximum limit for the native heap growth. Please use -XX:HeapBaseMinAddress
#     to set the Java Heap base and to place the Java Heap above 4GB virtual address.
# This output file may be truncated or incomplete.
#
#  Out of Memory Error (os_windows.cpp:3554), pid=27848, tid=7548
#
# JRE version: OpenJDK Runtime Environment Temurin-25.0.2+10 (25.0.2+10) (build 25.0.2+10-LTS)
# Java VM: OpenJDK 64-Bit Server VM Temurin-25.0.2+10 (25.0.2+10-LTS, mixed mode, sharing, tiered, compressed oops, compressed class ptrs, g1 gc, windows-amd64)
# No core dump will be written. Minidumps are not enabled by default on client versions of Windows
#

---------------  S U M M A R Y ------------

Command Line: --add-opens=java.base/java.lang=ALL-UNNAMED --add-opens=java.base/java.lang.invoke=ALL-UNNAMED --add-opens=java.base/java.util=ALL-UNNAMED --add-opens=java.prefs/java.util.prefs=ALL-UNNAMED --add-exports=jdk.compiler/com.sun.tools.javac.api=ALL-UNNAMED --add-exports=jdk.compiler/com.sun.tools.javac.util=ALL-UNNAMED --add-opens=java.base/java.nio.charset=ALL-UNNAMED --add-opens=java.base/java.net=ALL-UNNAMED --add-opens=java.base/java.util.concurrent=ALL-UNNAMED --add-opens=java.base/java.util.concurrent.atomic=ALL-UNNAMED --add-opens=java.xml/javax.xml.namespace=ALL-UNNAMED --add-opens=java.base/java.time=ALL-UNNAMED --enable-native-access=ALL-UNNAMED -Xmx2048m -Dfile.encoding=UTF-8 -Duser.country=IN -Duser.language=en -Duser.variant -javaagent:C:\Users\ANJALI\AppData\Local\Temp\cursor-sandbox-cache\ae150007fce387d2df9383d951c55ca9\gradle\wrapper\dists\gradle-9.6.0-bin\42k10rwplmzkhuboz9kdazi7s\gradle-9.6.0\lib\agents\gradle-instrumentation-agent-9.6.0.jar org.gradle.launcher.daemon.bootstrap.GradleDaemon 9.6.0

Host: 12th Gen Intel(R) Core(TM) i3-1215U, 8 cores, 7G,  Windows 11 , 64 bit Build 26100 (10.0.26100.9278)
Time: Sun Sep 20 14:05:07 2026 India Standard Time elapsed time: 283.100496 seconds (0d 0h 4m 43s)

---------------  T H R E A D  ---------------

Current thread (0x000002cefa2c5d30):  VMThread "VM Thread"          [id=7548, stack(0x000000da02300000,0x000000da02400000) (1024K)]

Stack: [0x000000da02300000,0x000000da02400000]
Native frames: (J=compiled Java code, j=interpreted, Vv=VM code, C=native code)
V  [jvm.dll+0x7a8bc9]  (no source info available)
V  [jvm.dll+0x77310d]  (no source info available)
V  [jvm.dll+0x9f55f3]  (no source info available)
V  [jvm.dll+0x9f7be1]  (no source info available)
V  [jvm.dll+0x9f82f3]  (no source info available)
V  [jvm.dll+0x2fce26]  (no source info available)
V  [jvm.dll+0x7a4df5]  (no source info available)
V  [jvm.dll+0x798257]  (no source info available)
V  [jvm.dll+0x3f5248]  (no source info available)
V  [jvm.dll+0x3fd1b6]  (no source info available)
V  [jvm.dll+0x3e991e]  (no source info available)
V  [jvm.dll+0x3e9bd8]  (no source info available)
V  [jvm.dll+0x3c0c05]  (no source info available)
V  [jvm.dll+0x3c0c9a]  (no source info available)
V  [jvm.dll+0x40df96]  (no source info available)
V  [jvm.dll+0x40c8a8]  (no source info available)
V  [jvm.dll+0x3c0337]  (no source info available)
V  [jvm.dll+0x40c066]  (no source info available)
V  [jvm.dll+0x9fe542]  (no source info available)
V  [jvm.dll+0x9ff861]  (no source info available)
V  [jvm.dll+0x9ffdd8]  (no source info available)
V  [jvm.dll+0xa00073]  (no source info available)
V  [jvm.dll+0x996b0d]  (no source info available)
V  [jvm.dll+0x7a71a5]  (no source info available)
C  [ucrtbase.dll+0x2cd30]  (no source info available)
C  [KERNEL32.DLL+0x2ccb7]  (no source info available)
C  [ntdll.dll+0xacaec]  (no source info available)

VM_Operation (0x000000da09df88b8): G1TryInitiateConcMark, mode: safepoint, requested by thread 0x000002ce841f60b0


---------------  P R O C E S S  ---------------

Threads class SMR info:
_java_thread_list=0x000002ce97d56920, length=125, elements={
0x000002cedd1a4df0, 0x000002cefa2db1c0, 0x000002cefa2db980, 0x000002cefa2dd810,
0x000002cefa2e2090, 0x000002cefa2ea880, 0x000002cefa2eb7e0, 0x000002cefa2efa90,
0x000002cefa2f02a0, 0x000002cefa4f7040, 0x000002cefa586380, 0x000002ce8063e0c0,
0x000002ce80741210, 0x000002ce80756ec0, 0x000002ce806a11d0, 0x000002ce809d8600,
0x000002ce809e7730, 0x000002ce80649a00, 0x000002ce80a06f90, 0x000002ce80a05ff0,
0x000002ce80a07f30, 0x000002ce80a08ed0, 0x000002ce80a05820, 0x000002ce80a0b5e0,
0x000002ce81fd8870, 0x000002ce81fd9810, 0x000002ce81fda7b0, 0x000002ce81fdb750,
0x000002ce81fd9040, 0x000002ce81fdd690, 0x000002ce817adb20, 0x000002ce817abbe0,
0x000002cefa60f550, 0x000002cefa611490, 0x000002cefa60fd20, 0x000002cefa610cc0,
0x000002cefa612430, 0x000002cefa60ed80, 0x000002cefa615310, 0x000002ce83f79900,
0x000002ce85425f40, 0x000002ce855247e0, 0x000002ce83f7b840, 0x000002ce8224f2b0,
0x000002ce81fdc6f0, 0x000002ce8f4a9fa0, 0x000002ce8f4a97d0, 0x000002ce8f4aa770,
0x000002ce8f4aaf40, 0x000002ce8f4ab710, 0x000002ce8f4a8060, 0x000002ce8f4a8830,
0x000002ce8f4a9000, 0x000002ce85827fd0, 0x000002ce85829740, 0x000002ce858287a0,
0x000002ce85826090, 0x000002ce85827800, 0x000002ce85826860, 0x000002ce85828f70,
0x000002ce85827030, 0x000002ce83de8f00, 0x000002ce83de7f60, 0x000002ce83de8730,
0x000002ce83de96d0, 0x000002ce83de6020, 0x000002ce83de67f0, 0x000002ce83de7790,
0x000002ce83de6fc0, 0x000002ce8f8e87a0, 0x000002ce8f8e8f70, 0x000002ce83a14020,
0x000002ce83a13080, 0x000002ce83a147f0, 0x000002ce83a14fc0, 0x000002ce83a13850,
0x000002ce83a120e0, 0x000002ce83a16730, 0x000002ce83a17ea0, 0x000002ce83a16f00,
0x000002ce8f1c0250, 0x000002ce8f8edff0, 0x000002ce8f8ee7c0, 0x000002ce8f1bf2b0,
0x000002cefa4ec9e0, 0x000002cefa4ec210, 0x000002cefa4eb270, 0x000002cefa4eaaa0,
0x000002cefa4ed1b0, 0x000002ce8f8fe020, 0x000002ce8f8fd850, 0x000002cefa6b9d10,
0x000002cefa6bd3c0, 0x000002cefa6ba4e0, 0x000002cefa6bc420, 0x000002cefa6bcbf0,
0x000002cefa6bacb0, 0x000002cefa6bb480, 0x000002cefa6bbc50, 0x000002ce82f51000,
0x000002ce82f52f40, 0x000002ce82f50060, 0x000002ce82f50830, 0x000002ce85338850,
0x000002ce85339020, 0x000002ce853397f0, 0x000002ce85339fc0, 0x000002ce8eb04df0,
0x000002ce82d40570, 0x000002ce910ec720, 0x000002ce8fab8990, 0x000002ce8fab9160,
0x000002ce910ede90, 0x000002ce841f58e0, 0x000002ce841f4170, 0x000002ce841f60b0,
0x000002ce841f39a0, 0x000002ce841f6880, 0x000002ce841f4940, 0x000002ce841f7050,
0x000002ce916cb650, 0x000002ce81a7c850, 0x000002ce90f8b4c0, 0x000002ce9053c7d0,
0x000002ce84a8a5c0
}

Java Threads: ( => current thread )
  0x000002cedd1a4df0 JavaThread "main"                              [_thread_blocked, id=24340, stack(0x000000da01c00000,0x000000da01d00000) (1024K)]
  0x000002cefa2db1c0 JavaThread "Reference Handler"          daemon [_thread_blocked, id=23964, stack(0x000000da02400000,0x000000da02500000) (1024K)]
  0x000002cefa2db980 JavaThread "Finalizer"                  daemon [_thread_blocked, id=22908, stack(0x000000da02500000,0x000000da02600000) (1024K)]
  0x000002cefa2dd810 JavaThread "Signal Dispatcher"          daemon [_thread_blocked, id=21676, stack(0x000000da02600000,0x000000da02700000) (1024K)]
  0x000002cefa2e2090 JavaThread "Attach Listener"            daemon [_thread_blocked, id=22220, stack(0x000000da02700000,0x000000da02800000) (1024K)]
  0x000002cefa2ea880 JavaThread "Service Thread"             daemon [_thread_blocked, id=10188, stack(0x000000da02800000,0x000000da02900000) (1024K)]
  0x000002cefa2eb7e0 JavaThread "Monitor Deflation Thread"   daemon [_thread_blocked, id=10436, stack(0x000000da02900000,0x000000da02a00000) (1024K)]
  0x000002cefa2efa90 JavaThread "C2 CompilerThread0"         daemon [_thread_blocked, id=10108, stack(0x000000da02a00000,0x000000da02b00000) (1024K)]
  0x000002cefa2f02a0 JavaThread "C1 CompilerThread0"         daemon [_thread_blocked, id=14476, stack(0x000000da02b00000,0x000000da02c00000) (1024K)]
  0x000002cefa4f7040 JavaThread "Common-Cleaner"             daemon [_thread_blocked, id=20568, stack(0x000000da02d00000,0x000000da02e00000) (1024K)]
  0x000002cefa586380 JavaThread "Notification Thread"        daemon [_thread_blocked, id=10960, stack(0x000000da02e00000,0x000000da02f00000) (1024K)]
  0x000002ce8063e0c0 JavaThread "Daemon health stats"               [_thread_blocked, id=5556, stack(0x000000da03000000,0x000000da03100000) (1024K)]
  0x000002ce80741210 JavaThread "Incoming local TCP Connector on port 54479"        [_thread_in_native, id=18828, stack(0x000000da03200000,0x000000da03300000) (1024K)]
  0x000002ce80756ec0 JavaThread "Daemon periodic checks"            [_thread_blocked, id=7544, stack(0x000000da03300000,0x000000da03400000) (1024K)]
  0x000002ce806a11d0 JavaThread "Daemon"                            [_thread_blocked, id=29344, stack(0x000000da03400000,0x000000da03500000) (1024K)]
  0x000002ce809d8600 JavaThread "Handler for socket connection from /127.0.0.1:54479 to /127.0.0.1:54480"        [_thread_in_native, id=9996, stack(0x000000da03500000,0x000000da03600000) (1024K)]
  0x000002ce809e7730 JavaThread "Cancel handler"                    [_thread_blocked, id=9856, stack(0x000000da03600000,0x000000da03700000) (1024K)]
  0x000002ce80649a00 JavaThread "Daemon worker"                     [_thread_blocked, id=28460, stack(0x000000da03700000,0x000000da03800000) (1024K)]
  0x000002ce80a06f90 JavaThread "Asynchronous log dispatcher for DefaultDaemonConnection: socket connection from /127.0.0.1:54479 to /127.0.0.1:54480"        [_thread_blocked, id=20052, stack(0x000000da03800000,0x000000da03900000) (1024K)]
  0x000002ce80a05ff0 JavaThread "Stdin handler"                     [_thread_blocked, id=24712, stack(0x000000da03900000,0x000000da03a00000) (1024K)]
  0x000002ce80a07f30 JavaThread "Daemon client event forwarder"        [_thread_blocked, id=23144, stack(0x000000da03a00000,0x000000da03b00000) (1024K)]
  0x000002ce80a08ed0 JavaThread "Cache worker for journal cache (C:\Users\ANJALI\AppData\Local\Temp\cursor-sandbox-cache\ae150007fce387d2df9383d951c55ca9\gradle\caches\journal-1)"        [_thread_blocked, id=23864, stack(0x000000da03b00000,0x000000da03c00000) (1024K)]
  0x000002ce80a05820 JavaThread "File lock request listener"        [_thread_in_native, id=28444, stack(0x000000da03c00000,0x000000da03d00000) (1024K)]
  0x000002ce80a0b5e0 JavaThread "Cache worker for file hash cache (C:\Users\ANJALI\AppData\Local\Temp\cursor-sandbox-cache\ae150007fce387d2df9383d951c55ca9\gradle\caches\9.6.0\fileHashes)"        [_thread_blocked, id=15688, stack(0x000000da03d00000,0x000000da03e00000) (1024K)]
  0x000002ce81fd8870 JavaThread "Cache worker for file hash cache (C:\Users\ANJALI\AndroidStudioProjects\Mahila\.gradle\9.6.0\fileHashes)"        [_thread_blocked, id=11860, stack(0x000000da04300000,0x000000da04400000) (1024K)]
  0x000002ce81fd9810 JavaThread "Cache worker for checksums cache (C:\Users\ANJALI\AndroidStudioProjects\Mahila\.gradle\9.6.0\checksums)"        [_thread_blocked, id=9036, stack(0x000000da04400000,0x000000da04500000) (1024K)]
  0x000002ce81fda7b0 JavaThread "Cache worker for Build Output Cleanup Cache (C:\Users\ANJALI\AndroidStudioProjects\Mahila\.gradle\buildOutputCleanup)"        [_thread_blocked, id=20212, stack(0x000000da04500000,0x000000da04600000) (1024K)]
  0x000002ce81fdb750 JavaThread "Cache worker for file content cache (C:\Users\ANJALI\AppData\Local\Temp\cursor-sandbox-cache\ae150007fce387d2df9383d951c55ca9\gradle\caches\9.6.0\fileContent)"        [_thread_blocked, id=18784, stack(0x000000da04600000,0x000000da04700000) (1024K)]
  0x000002ce81fd9040 JavaThread "File watcher server"        daemon [_thread_blocked, id=13308, stack(0x000000da04700000,0x000000da04800000) (1024K)]
  0x000002ce81fdd690 JavaThread "File watcher consumer"      daemon [_thread_blocked, id=8052, stack(0x000000da04800000,0x000000da04900000) (1024K)]
  0x000002ce817adb20 JavaThread "Cache worker for cache directory md-supplier (C:\Users\ANJALI\AppData\Local\Temp\cursor-sandbox-cache\ae150007fce387d2df9383d951c55ca9\gradle\caches\9.6.0\md-supplier)"        [_thread_blocked, id=17064, stack(0x000000da04900000,0x000000da04a00000) (1024K)]
  0x000002ce817abbe0 JavaThread "Cache worker for cache directory md-rule (C:\Users\ANJALI\AppData\Local\Temp\cursor-sandbox-cache\ae150007fce387d2df9383d951c55ca9\gradle\caches\9.6.0\md-rule)"        [_thread_blocked, id=19392, stack(0x000000da04a00000,0x000000da04b00000) (1024K)]
  0x000002cefa60f550 JavaThread "Build operations"                  [_thread_blocked, id=2656, stack(0x000000da04c00000,0x000000da04d00000) (1024K)]
  0x000002cefa611490 JavaThread "Build operations Thread 2"         [_thread_blocked, id=16756, stack(0x000000da04d00000,0x000000da04e00000) (1024K)]
  0x000002cefa60fd20 JavaThread "Build operations Thread 3"         [_thread_blocked, id=5644, stack(0x000000da04e00000,0x000000da04f00000) (1024K)]
  0x000002cefa610cc0 JavaThread "Build operations Thread 4"         [_thread_blocked, id=26732, stack(0x000000da04f00000,0x000000da05000000) (1024K)]
  0x000002cefa612430 JavaThread "Build operations Thread 5"         [_thread_blocked, id=10624, stack(0x000000da05000000,0x000000da05100000) (1024K)]
  0x000002cefa60ed80 JavaThread "Build operations Thread 6"         [_thread_blocked, id=26552, stack(0x000000da05100000,0x000000da05200000) (1024K)]
  0x000002cefa615310 JavaThread "Build operations Thread 7"         [_thread_blocked, id=3692, stack(0x000000da05200000,0x000000da05300000) (1024K)]
  0x000002ce83f79900 JavaThread "Build operations Thread 8"         [_thread_blocked, id=13228, stack(0x000000da05400000,0x000000da05500000) (1024K)]
  0x000002ce85425f40 JavaThread "Kotlin DSL Writer"                 [_thread_blocked, id=22928, stack(0x000000da05500000,0x000000da05600000) (1024K)]
  0x000002ce855247e0 JavaThread "Configuration cache report writer"        [_thread_blocked, id=10856, stack(0x000000da05700000,0x000000da05800000) (1024K)]
  0x000002ce83f7b840 JavaThread "Cache worker for Kotlin DSL Plugin Entries (C:\Users\ANJALI\AndroidStudioProjects\Mahila\.gradle\9.6.0\kotlin-dsl-plugin-entries)"        [_thread_blocked, id=21284, stack(0x000000da05600000,0x000000da05700000) (1024K)]
  0x000002ce8224f2b0 JavaThread "Unconstrained build operations"        [_thread_blocked, id=10220, stack(0x000000da05800000,0x000000da05900000) (1024K)]
  0x000002ce81fdc6f0 JavaThread "Unconstrained build operations Thread 2"        [_thread_blocked, id=17076, stack(0x000000da05900000,0x000000da05a00000) (1024K)]
  0x000002ce8f4a9fa0 JavaThread "Unconstrained build operations Thread 3"        [_thread_blocked, id=19764, stack(0x000000da05a00000,0x000000da05b00000) (1024K)]
  0x000002ce8f4a97d0 JavaThread "Unconstrained build operations Thread 4"        [_thread_blocked, id=22848, stack(0x000000da05b00000,0x000000da05c00000) (1024K)]
  0x000002ce8f4aa770 JavaThread "Unconstrained build operations Thread 5"        [_thread_blocked, id=13404, stack(0x000000da05c00000,0x000000da05d00000) (1024K)]
  0x000002ce8f4aaf40 JavaThread "Unconstrained build operations Thread 6"        [_thread_blocked, id=13384, stack(0x000000da05d00000,0x000000da05e00000) (1024K)]
  0x000002ce8f4ab710 JavaThread "Unconstrained build operations Thread 7"        [_thread_blocked, id=29032, stack(0x000000da05e00000,0x000000da05f00000) (1024K)]
  0x000002ce8f4a8060 JavaThread "Unconstrained build operations Thread 8"        [_thread_blocked, id=19040, stack(0x000000da05f00000,0x000000da06000000) (1024K)]
  0x000002ce8f4a8830 JavaThread "Unconstrained build operations Thread 9"        [_thread_blocked, id=16720, stack(0x000000da06000000,0x000000da06100000) (1024K)]
  0x000002ce8f4a9000 JavaThread "Unconstrained build operations Thread 10"        [_thread_blocked, id=25564, stack(0x000000da06100000,0x000000da06200000) (1024K)]
  0x000002ce85827fd0 JavaThread "Unconstrained build operations Thread 11"        [_thread_blocked, id=26640, stack(0x000000da06200000,0x000000da06300000) (1024K)]
  0x000002ce85829740 JavaThread "Unconstrained build operations Thread 12"        [_thread_blocked, id=15436, stack(0x000000da06300000,0x000000da06400000) (1024K)]
  0x000002ce858287a0 JavaThread "Unconstrained build operations Thread 13"        [_thread_blocked, id=4176, stack(0x000000da06400000,0x000000da06500000) (1024K)]
  0x000002ce85826090 JavaThread "Unconstrained build operations Thread 14"        [_thread_blocked, id=14880, stack(0x000000da06500000,0x000000da06600000) (1024K)]
  0x000002ce85827800 JavaThread "Unconstrained build operations Thread 15"        [_thread_blocked, id=26480, stack(0x000000da06600000,0x000000da06700000) (1024K)]
  0x000002ce85826860 JavaThread "Unconstrained build operations Thread 16"        [_thread_blocked, id=15676, stack(0x000000da06700000,0x000000da06800000) (1024K)]
  0x000002ce85828f70 JavaThread "Unconstrained build operations Thread 17"        [_thread_blocked, id=28912, stack(0x000000da06800000,0x000000da06900000) (1024K)]
  0x000002ce85827030 JavaThread "Unconstrained build operations Thread 18"        [_thread_blocked, id=26008, stack(0x000000da06900000,0x000000da06a00000) (1024K)]
  0x000002ce83de8f00 JavaThread "Unconstrained build operations Thread 19"        [_thread_blocked, id=23792, stack(0x000000da06a00000,0x000000da06b00000) (1024K)]
  0x000002ce83de7f60 JavaThread "Unconstrained build operations Thread 20"        [_thread_blocked, id=19808, stack(0x000000da06b00000,0x000000da06c00000) (1024K)]
  0x000002ce83de8730 JavaThread "Unconstrained build operations Thread 21"        [_thread_blocked, id=29304, stack(0x000000da06c00000,0x000000da06d00000) (1024K)]
  0x000002ce83de96d0 JavaThread "Unconstrained build operations Thread 22"        [_thread_blocked, id=8876, stack(0x000000da06d00000,0x000000da06e00000) (1024K)]
  0x000002ce83de6020 JavaThread "Unconstrained build operations Thread 23"        [_thread_blocked, id=28348, stack(0x000000da06e00000,0x000000da06f00000) (1024K)]
  0x000002ce83de67f0 JavaThread "Unconstrained build operations Thread 24"        [_thread_blocked, id=25096, stack(0x000000da06f00000,0x000000da07000000) (1024K)]
  0x000002ce83de7790 JavaThread "Unconstrained build operations Thread 25"        [_thread_blocked, id=22888, stack(0x000000da07000000,0x000000da07100000) (1024K)]
  0x000002ce83de6fc0 JavaThread "Unconstrained build operations Thread 26"        [_thread_blocked, id=10216, stack(0x000000da07100000,0x000000da07200000) (1024K)]
  0x000002ce8f8e87a0 JavaThread "Unconstrained build operations Thread 27"        [_thread_blocked, id=28884, stack(0x000000da07200000,0x000000da07300000) (1024K)]
  0x000002ce8f8e8f70 JavaThread "Unconstrained build operations Thread 28"        [_thread_blocked, id=28636, stack(0x000000da07300000,0x000000da07400000) (1024K)]
  0x000002ce83a14020 JavaThread "Unconstrained build operations Thread 29"        [_thread_blocked, id=19780, stack(0x000000da07400000,0x000000da07500000) (1024K)]
  0x000002ce83a13080 JavaThread "Unconstrained build operations Thread 30"        [_thread_blocked, id=2460, stack(0x000000da07500000,0x000000da07600000) (1024K)]
  0x000002ce83a147f0 JavaThread "Unconstrained build operations Thread 31"        [_thread_blocked, id=24936, stack(0x000000da07600000,0x000000da07700000) (1024K)]
  0x000002ce83a14fc0 JavaThread "Unconstrained build operations Thread 32"        [_thread_blocked, id=1972, stack(0x000000da07700000,0x000000da07800000) (1024K)]
  0x000002ce83a13850 JavaThread "Unconstrained build operations Thread 33"        [_thread_blocked, id=22192, stack(0x000000da07800000,0x000000da07900000) (1024K)]
  0x000002ce83a120e0 JavaThread "Unconstrained build operations Thread 34"        [_thread_blocked, id=19440, stack(0x000000da07900000,0x000000da07a00000) (1024K)]
  0x000002ce83a16730 JavaThread "Unconstrained build operations Thread 35"        [_thread_blocked, id=10312, stack(0x000000da07a00000,0x000000da07b00000) (1024K)]
  0x000002ce83a17ea0 JavaThread "Unconstrained build operations Thread 36"        [_thread_blocked, id=21244, stack(0x000000da07b00000,0x000000da07c00000) (1024K)]
  0x000002ce83a16f00 JavaThread "Unconstrained build operations Thread 37"        [_thread_blocked, id=22056, stack(0x000000da07c00000,0x000000da07d00000) (1024K)]
  0x000002ce8f1c0250 JavaThread "Unconstrained build operations Thread 38"        [_thread_blocked, id=7100, stack(0x000000da07d00000,0x000000da07e00000) (1024K)]
  0x000002ce8f8edff0 JavaThread "Unconstrained build operations Thread 39"        [_thread_blocked, id=26332, stack(0x000000da07e00000,0x000000da07f00000) (1024K)]
  0x000002ce8f8ee7c0 JavaThread "Unconstrained build operations Thread 40"        [_thread_blocked, id=11468, stack(0x000000da07f00000,0x000000da08000000) (1024K)]
  0x000002ce8f1bf2b0 JavaThread "Unconstrained build operations Thread 41"        [_thread_blocked, id=23620, stack(0x000000da08000000,0x000000da08100000) (1024K)]
  0x000002cefa4ec9e0 JavaThread "Unconstrained build operations Thread 42"        [_thread_blocked, id=18448, stack(0x000000da08100000,0x000000da08200000) (1024K)]
  0x000002cefa4ec210 JavaThread "Unconstrained build operations Thread 43"        [_thread_blocked, id=19908, stack(0x000000da08200000,0x000000da08300000) (1024K)]
  0x000002cefa4eb270 JavaThread "Unconstrained build operations Thread 44"        [_thread_blocked, id=16076, stack(0x000000da08300000,0x000000da08400000) (1024K)]
  0x000002cefa4eaaa0 JavaThread "Unconstrained build operations Thread 45"        [_thread_blocked, id=27936, stack(0x000000da08400000,0x000000da08500000) (1024K)]
  0x000002cefa4ed1b0 JavaThread "Unconstrained build operations Thread 46"        [_thread_blocked, id=19636, stack(0x000000da08500000,0x000000da08600000) (1024K)]
  0x000002ce8f8fe020 JavaThread "Unconstrained build operations Thread 47"        [_thread_blocked, id=27920, stack(0x000000da08600000,0x000000da08700000) (1024K)]
  0x000002ce8f8fd850 JavaThread "Unconstrained build operations Thread 48"        [_thread_blocked, id=9868, stack(0x000000da08700000,0x000000da08800000) (1024K)]
  0x000002cefa6b9d10 JavaThread "Unconstrained build operations Thread 49"        [_thread_blocked, id=10092, stack(0x000000da08800000,0x000000da08900000) (1024K)]
  0x000002cefa6bd3c0 JavaThread "Unconstrained build operations Thread 50"        [_thread_blocked, id=21820, stack(0x000000da08900000,0x000000da08a00000) (1024K)]
  0x000002cefa6ba4e0 JavaThread "Unconstrained build operations Thread 51"        [_thread_blocked, id=7092, stack(0x000000da08a00000,0x000000da08b00000) (1024K)]
  0x000002cefa6bc420 JavaThread "Unconstrained build operations Thread 52"        [_thread_blocked, id=16224, stack(0x000000da08b00000,0x000000da08c00000) (1024K)]
  0x000002cefa6bcbf0 JavaThread "Unconstrained build operations Thread 53"        [_thread_blocked, id=9148, stack(0x000000da08d00000,0x000000da08e00000) (1024K)]
  0x000002cefa6bacb0 JavaThread "Unconstrained build operations Thread 54"        [_thread_blocked, id=21568, stack(0x000000da08e00000,0x000000da08f00000) (1024K)]
  0x000002cefa6bb480 JavaThread "Unconstrained build operations Thread 55"        [_thread_blocked, id=2800, stack(0x000000da08c00000,0x000000da08d00000) (1024K)]
  0x000002cefa6bbc50 JavaThread "Unconstrained build operations Thread 56"        [_thread_blocked, id=7320, stack(0x000000da08f00000,0x000000da09000000) (1024K)]
  0x000002ce82f51000 JavaThread "Unconstrained build operations Thread 57"        [_thread_blocked, id=10456, stack(0x000000da09000000,0x000000da09100000) (1024K)]
  0x000002ce82f52f40 JavaThread "Unconstrained build operations Thread 58"        [_thread_blocked, id=11404, stack(0x000000da09100000,0x000000da09200000) (1024K)]
  0x000002ce82f50060 JavaThread "Unconstrained build operations Thread 59"        [_thread_blocked, id=15196, stack(0x000000da09200000,0x000000da09300000) (1024K)]
  0x000002ce82f50830 JavaThread "Unconstrained build operations Thread 60"        [_thread_blocked, id=21956, stack(0x000000da09300000,0x000000da09400000) (1024K)]
  0x000002ce85338850 JavaThread "Unconstrained build operations Thread 61"        [_thread_blocked, id=24980, stack(0x000000da09400000,0x000000da09500000) (1024K)]
  0x000002ce85339020 JavaThread "Unconstrained build operations Thread 62"        [_thread_blocked, id=3924, stack(0x000000da09500000,0x000000da09600000) (1024K)]
  0x000002ce853397f0 JavaThread "Unconstrained build operations Thread 63"        [_thread_blocked, id=1776, stack(0x000000da09600000,0x000000da09700000) (1024K)]
  0x000002ce85339fc0 JavaThread "Unconstrained build operations Thread 64"        [_thread_blocked, id=14716, stack(0x000000da09700000,0x000000da09800000) (1024K)]
  0x000002ce8eb04df0 JavaThread "Memory manager"                    [_thread_blocked, id=2584, stack(0x000000da01b00000,0x000000da01c00000) (1024K)]
  0x000002ce82d40570 JavaThread "build event listener"              [_thread_blocked, id=5964, stack(0x000000da04b00000,0x000000da04c00000) (1024K)]
  0x000002ce910ec720 JavaThread "Exec process"                      [_thread_blocked, id=26684, stack(0x000000da01a00000,0x000000da01b00000) (1024K)]
  0x000002ce8fab8990 JavaThread "Exec process Thread 2"             [_thread_blocked, id=18936, stack(0x000000da09800000,0x000000da09900000) (1024K)]
  0x000002ce8fab9160 JavaThread "Exec process Thread 3"             [_thread_blocked, id=17288, stack(0x000000da09900000,0x000000da09a00000) (1024K)]
  0x000002ce910ede90 JavaThread "included builds"                   [_thread_blocked, id=11692, stack(0x000000da09a00000,0x000000da09b00000) (1024K)]
  0x000002ce841f58e0 JavaThread "Execution worker"                  [_thread_blocked, id=28400, stack(0x000000da09b00000,0x000000da09c00000) (1024K)]
  0x000002ce841f4170 JavaThread "Execution worker Thread 2"         [_thread_blocked, id=24828, stack(0x000000da09c00000,0x000000da09d00000) (1024K)]
  0x000002ce841f60b0 JavaThread "Execution worker Thread 3"         [_thread_blocked, id=15124, stack(0x000000da09d00000,0x000000da09e00000) (1024K)]
  0x000002ce841f39a0 JavaThread "Execution worker Thread 4"         [_thread_blocked, id=28864, stack(0x000000da09e00000,0x000000da09f00000) (1024K)]
  0x000002ce841f6880 JavaThread "Execution worker Thread 5"         [_thread_blocked, id=4116, stack(0x000000da09f00000,0x000000da0a000000) (1024K)]
  0x000002ce841f4940 JavaThread "Execution worker Thread 6"         [_thread_blocked, id=14364, stack(0x000000da0a000000,0x000000da0a100000) (1024K)]
  0x000002ce841f7050 JavaThread "Execution worker Thread 7"         [_thread_blocked, id=16080, stack(0x000000da0a100000,0x000000da0a200000) (1024K)]
  0x000002ce916cb650 JavaThread "Cache worker for execution history cache (C:\Users\ANJALI\AndroidStudioProjects\Mahila\.gradle\9.6.0\executionHistory)"        [_thread_blocked, id=18252, stack(0x000000da0a200000,0x000000da0a300000) (1024K)]
  0x000002ce81a7c850 JavaThread "C2 CompilerThread1"         daemon [_thread_blocked, id=20032, stack(0x000000da01900000,0x000000da01a00000) (1024K)]
  0x000002ce90f8b4c0 JavaThread "WorkerExecutor Queue"              [_thread_blocked, id=12640, stack(0x000000da0a400000,0x000000da0a500000) (1024K)]
  0x000002ce9053c7d0 JavaThread "WorkerExecutor Queue Thread 2"        [_thread_blocked, id=12760, stack(0x000000da0a500000,0x000000da0a600000) (1024K)]
  0x000002ce84a8a5c0 JavaThread "WorkerExecutor Queue Thread 3"        [_thread_blocked, id=2980, stack(0x000000da0a600000,0x000000da0a700000) (1024K)]
Total: 125

Other Threads:
=>0x000002cefa2c5d30 VMThread "VM Thread"                           [id=7548, stack(0x000000da02300000,0x000000da02400000) (1024K)]
  0x000002cefa2b5c50 WatcherThread "VM Periodic Task Thread"        [id=29128, stack(0x000000da02200000,0x000000da02300000) (1024K)]
  0x000002cedd2014e0 WorkerThread "GC Thread#0"                     [id=27064, stack(0x000000da01d00000,0x000000da01e00000) (1024K)]
  0x000002ceff61e9a0 WorkerThread "GC Thread#1"                     [id=9584, stack(0x000000da02c00000,0x000000da02d00000) (1024K)]
  0x000002ceff61edd0 WorkerThread "GC Thread#2"                     [id=27432, stack(0x000000da02f00000,0x000000da03000000) (1024K)]
  0x000002ce8066d960 WorkerThread "GC Thread#3"                     [id=2468, stack(0x000000da03100000,0x000000da03200000) (1024K)]
  0x000002ce807ca8f0 WorkerThread "GC Thread#4"                     [id=23900, stack(0x000000da03e00000,0x000000da03f00000) (1024K)]
  0x000002ce807c97b0 WorkerThread "GC Thread#5"                     [id=16532, stack(0x000000da03f00000,0x000000da04000000) (1024K)]
  0x000002ce807ccb70 WorkerThread "GC Thread#6"                     [id=29500, stack(0x000000da04000000,0x000000da04100000) (1024K)]
  0x000002ce807cdcb0 WorkerThread "GC Thread#7"                     [id=8072, stack(0x000000da04100000,0x000000da04200000) (1024K)]
  0x000002cedd21b400 ConcurrentGCThread "G1 Main Marker"            [id=16896, stack(0x000000da01e00000,0x000000da01f00000) (1024K)]
  0x000002cedd21bfa0 WorkerThread "G1 Conc#0"                       [id=9932, stack(0x000000da01f00000,0x000000da02000000) (1024K)]
  0x000002ce807cba30 WorkerThread "G1 Conc#1"                       [id=16772, stack(0x000000da04200000,0x000000da04300000) (1024K)]
  0x000002cefa171130 ConcurrentGCThread "G1 Refine#0"               [id=8712, stack(0x000000da02000000,0x000000da02100000) (1024K)]
  0x000002cefa172a00 ConcurrentGCThread "G1 Service"                [id=18348, stack(0x000000da02100000,0x000000da02200000) (1024K)]
Total: 15

Threads with active compile tasks:
C2 CompilerThread0  284994 39692       4       com.android.tools.r8.internal.j92::b (641 bytes)
C2 CompilerThread1  284995 39328       4       com.android.tools.r8.internal.sx1::a (3094 bytes)
Total: 2

VM state: at safepoint (normal execution)

VM Mutex/Monitor currently owned by a thread:  ([mutex/lock_event])
[0x00007ffcca6363c8] Threads_lock - owner thread: 0x000002cefa2c5d30
[0x00007ffcca636548] Heap_lock - owner thread: 0x000002ce841f60b0

Heap address: 0x0000000080000000, size: 2048 MB, Compressed Oops mode: 32-bit

CDS archive(s) mapped at: [0x0000000035000000-0x0000000035dd0000-0x0000000035dd0000), size 14483456, SharedBaseAddress: 0x0000000035000000, ArchiveRelocationMode: 1.
Compressed class space mapped at: 0x0000000036000000-0x0000000076000000, reserved size: 1073741824
UseCompressedClassPointers 1, UseCompactObjectHeaders 0
Narrow klass pointer bits 32, Max shift 3
Narrow klass base: 0x0000000035000000, Narrow klass shift: 0
Encoding Range: [0x0000000035000000 - 0x0000000135000000), (4294967296 bytes)
Klass Range:    [0x0000000035010000 - 0x0000000076000000), (1090453504 bytes)
Klass ID Range:  [65536 - 1090519033) (1090453497)
Protection zone: [0x0000000035000000 - 0x0000000035010000), (65536 bytes)

GC Precious Log:
 CardTable entry size: 512
 Card Set container configuration: InlinePtr #cards 5 size 8 Array Of Cards #cards 10 size 36 Howl #buckets 4 coarsen threshold 1843 Howl Bitmap #cards 512 size 80 coarsen threshold 460 Card regions per heap region 1 cards per card region 2048
 CPUs: 8 total, 8 available
 Memory: 7876M
 Large Page Support: Disabled
 NUMA Support: Disabled
 Compressed Oops: Enabled (32-bit)
 Heap Region Size: 1M
 Heap Min Capacity: 8M
 Heap Initial Capacity: 124M
 Heap Max Capacity: 2G
 Pre-touch: Disabled
 Parallel Workers: 8
 Concurrent Workers: 2
 Concurrent Refinement Workers: 8
 Periodic GC: Disabled

Heap:
 garbage-first heap   total reserved 2097152K, committed 529408K, used 250412K [0x0000000080000000, 0x0000000100000000)
  region size 1024K, 10 young (10240K), 10 survivors (10240K)

Heap Regions: E=young(eden), S=young(survivor), O=old, HS=humongous(starts), HC=humongous(continues), CS=collection set, F=free, TAMS=top-at-mark-start, PB=parsable bottom
|   0|0x0000000080000000, 0x0000000080100000, 0x0000000080100000|100%|HS|  |TAMS 0x0000000080100000| PB 0x0000000080000000| Complete |  0
|   1|0x0000000080100000, 0x0000000080200000, 0x0000000080200000|100%|HC|  |TAMS 0x0000000080200000| PB 0x0000000080100000| Complete |  0
|   2|0x0000000080200000, 0x0000000080300000, 0x0000000080300000|100%|HC|  |TAMS 0x0000000080300000| PB 0x0000000080200000| Complete |  0
|   3|0x0000000080300000, 0x0000000080400000, 0x0000000080400000|100%|HC|  |TAMS 0x0000000080400000| PB 0x0000000080300000| Complete |  0
|   4|0x0000000080400000, 0x0000000080500000, 0x0000000080500000|100%| O|  |TAMS 0x0000000080500000| PB 0x0000000080400000| Untracked |  0
|   5|0x0000000080500000, 0x0000000080600000, 0x0000000080600000|100%| O|  |TAMS 0x0000000080600000| PB 0x0000000080500000| Untracked |  0
|   6|0x0000000080600000, 0x0000000080700000, 0x0000000080700000|100%|HS|  |TAMS 0x0000000080700000| PB 0x0000000080600000| Complete |  0
|   7|0x0000000080700000, 0x0000000080800000, 0x0000000080800000|100%| O|  |TAMS 0x0000000080800000| PB 0x0000000080700000| Untracked |  0
|   8|0x0000000080800000, 0x0000000080900000, 0x0000000080900000|100%| O|  |TAMS 0x0000000080900000| PB 0x0000000080800000| Untracked |  0
|   9|0x0000000080900000, 0x0000000080a00000, 0x0000000080a00000|100%| O|  |TAMS 0x0000000080a00000| PB 0x0000000080900000| Untracked |  0
|  10|0x0000000080a00000, 0x0000000080b00000, 0x0000000080b00000|100%| O|  |TAMS 0x0000000080b00000| PB 0x0000000080a00000| Untracked |  0
|  11|0x0000000080b00000, 0x0000000080c00000, 0x0000000080c00000|100%| O|  |TAMS 0x0000000080c00000| PB 0x0000000080b00000| Untracked |  0
|  12|0x0000000080c00000, 0x0000000080d00000, 0x0000000080d00000|100%| O|  |TAMS 0x0000000080d00000| PB 0x0000000080c00000| Untracked |  0
|  13|0x0000000080d00000, 0x0000000080e00000, 0x0000000080e00000|100%| O|  |TAMS 0x0000000080e00000| PB 0x0000000080d00000| Untracked |  0
|  14|0x0000000080e00000, 0x0000000080f00000, 0x0000000080f00000|100%| O|  |TAMS 0x0000000080f00000| PB 0x0000000080e00000| Untracked |  0
|  15|0x0000000080f00000, 0x0000000081000000, 0x0000000081000000|100%| O|  |TAMS 0x0000000081000000| PB 0x0000000080f00000| Untracked |  0
|  16|0x0000000081000000, 0x0000000081100000, 0x0000000081100000|100%| O|  |TAMS 0x0000000081100000| PB 0x0000000081000000| Untracked |  0
|  17|0x0000000081100000, 0x0000000081200000, 0x0000000081200000|100%| O|  |TAMS 0x0000000081200000| PB 0x0000000081100000| Untracked |  0
|  18|0x0000000081200000, 0x0000000081300000, 0x0000000081300000|100%| O|  |TAMS 0x0000000081300000| PB 0x0000000081200000| Untracked |  0
|  19|0x0000000081300000, 0x0000000081400000, 0x0000000081400000|100%| O|  |TAMS 0x0000000081400000| PB 0x0000000081300000| Untracked |  0
|  20|0x0000000081400000, 0x0000000081500000, 0x0000000081500000|100%| O|  |TAMS 0x0000000081500000| PB 0x0000000081400000| Untracked |  0
|  21|0x0000000081500000, 0x0000000081600000, 0x0000000081600000|100%| O|  |TAMS 0x0000000081600000| PB 0x0000000081500000| Untracked |  0
|  22|0x0000000081600000, 0x0000000081700000, 0x0000000081700000|100%| O|  |TAMS 0x0000000081700000| PB 0x0000000081600000| Untracked |  0
|  23|0x0000000081700000, 0x0000000081800000, 0x0000000081800000|100%| O|  |TAMS 0x0000000081800000| PB 0x0000000081700000| Untracked |  0
|  24|0x0000000081800000, 0x0000000081900000, 0x0000000081900000|100%| O|  |TAMS 0x0000000081900000| PB 0x0000000081800000| Untracked |  0
|  25|0x0000000081900000, 0x0000000081a00000, 0x0000000081a00000|100%| O|  |TAMS 0x0000000081a00000| PB 0x0000000081900000| Untracked |  0
|  26|0x0000000081a00000, 0x0000000081b00000, 0x0000000081b00000|100%| O|  |TAMS 0x0000000081b00000| PB 0x0000000081a00000| Untracked |  0
|  27|0x0000000081b00000, 0x0000000081c00000, 0x0000000081c00000|100%| O|  |TAMS 0x0000000081c00000| PB 0x0000000081b00000| Untracked |  0
|  28|0x0000000081c00000, 0x0000000081d00000, 0x0000000081d00000|100%| O|  |TAMS 0x0000000081d00000| PB 0x0000000081c00000| Untracked |  0
|  29|0x0000000081d00000, 0x0000000081e00000, 0x0000000081e00000|100%| O|  |TAMS 0x0000000081e00000| PB 0x0000000081d00000| Untracked |  0
|  30|0x0000000081e00000, 0x0000000081f00000, 0x0000000081f00000|100%| O|  |TAMS 0x0000000081f00000| PB 0x0000000081e00000| Untracked |  0
|  31|0x0000000081f00000, 0x0000000082000000, 0x0000000082000000|100%| O|  |TAMS 0x0000000082000000| PB 0x0000000081f00000| Untracked |  0
|  32|0x0000000082000000, 0x0000000082100000, 0x0000000082100000|100%| O|  |TAMS 0x0000000082100000| PB 0x0000000082000000| Untracked |  0
|  33|0x0000000082100000, 0x0000000082200000, 0x0000000082200000|100%| O|  |TAMS 0x0000000082200000| PB 0x0000000082100000| Untracked |  0
|  34|0x0000000082200000, 0x0000000082300000, 0x0000000082300000|100%| O|  |TAMS 0x0000000082300000| PB 0x0000000082200000| Untracked |  0
|  35|0x0000000082300000, 0x0000000082400000, 0x0000000082400000|100%| O|  |TAMS 0x0000000082400000| PB 0x0000000082300000| Untracked |  0
|  36|0x0000000082400000, 0x0000000082500000, 0x0000000082500000|100%| O|  |TAMS 0x0000000082500000| PB 0x0000000082400000| Untracked |  0
|  37|0x0000000082500000, 0x0000000082600000, 0x0000000082600000|100%| O|  |TAMS 0x0000000082600000| PB 0x0000000082500000| Untracked |  0
|  38|0x0000000082600000, 0x0000000082700000, 0x0000000082700000|100%| O|  |TAMS 0x0000000082700000| PB 0x0000000082600000| Untracked |  0
|  39|0x0000000082700000, 0x0000000082800000, 0x0000000082800000|100%| O|  |TAMS 0x0000000082800000| PB 0x0000000082700000| Untracked |  0
|  40|0x0000000082800000, 0x0000000082900000, 0x0000000082900000|100%| O|  |TAMS 0x0000000082900000| PB 0x0000000082800000| Untracked |  0
|  41|0x0000000082900000, 0x0000000082a00000, 0x0000000082a00000|100%| O|  |TAMS 0x0000000082a00000| PB 0x0000000082900000| Untracked |  0
|  42|0x0000000082a00000, 0x0000000082b00000, 0x0000000082b00000|100%| O|  |TAMS 0x0000000082b00000| PB 0x0000000082a00000| Untracked |  0
|  43|0x0000000082b00000, 0x0000000082c00000, 0x0000000082c00000|100%| O|  |TAMS 0x0000000082c00000| PB 0x0000000082b00000| Untracked |  0
|  44|0x0000000082c00000, 0x0000000082d00000, 0x0000000082d00000|100%| O|  |TAMS 0x0000000082d00000| PB 0x0000000082c00000| Untracked |  0
|  45|0x0000000082d00000, 0x0000000082e00000, 0x0000000082e00000|100%| O|  |TAMS 0x0000000082e00000| PB 0x0000000082d00000| Untracked |  0
|  46|0x0000000082e00000, 0x0000000082f00000, 0x0000000082f00000|100%| O|  |TAMS 0x0000000082f00000| PB 0x0000000082e00000| Untracked |  0
|  47|0x0000000082f00000, 0x0000000083000000, 0x0000000083000000|100%| O|  |TAMS 0x0000000083000000| PB 0x0000000082f00000| Untracked |  0
|  48|0x0000000083000000, 0x0000000083100000, 0x0000000083100000|100%| O|  |TAMS 0x0000000083100000| PB 0x0000000083000000| Untracked |  0
|  49|0x0000000083100000, 0x0000000083200000, 0x0000000083200000|100%| O|  |TAMS 0x0000000083200000| PB 0x0000000083100000| Untracked |  0
|  50|0x0000000083200000, 0x0000000083300000, 0x0000000083300000|100%| O|  |TAMS 0x0000000083300000| PB 0x0000000083200000| Untracked |  0
|  51|0x0000000083300000, 0x0000000083400000, 0x0000000083400000|100%| O|  |TAMS 0x0000000083400000| PB 0x0000000083300000| Untracked |  0
|  52|0x0000000083400000, 0x0000000083500000, 0x0000000083500000|100%| O|  |TAMS 0x0000000083500000| PB 0x0000000083400000| Untracked |  0
|  53|0x0000000083500000, 0x0000000083600000, 0x0000000083600000|100%| O|  |TAMS 0x0000000083600000| PB 0x0000000083500000| Untracked |  0
|  54|0x0000000083600000, 0x0000000083700000, 0x0000000083700000|100%| O|  |TAMS 0x0000000083700000| PB 0x0000000083600000| Untracked |  0
|  55|0x0000000083700000, 0x0000000083800000, 0x0000000083800000|100%| O|  |TAMS 0x0000000083800000| PB 0x0000000083700000| Untracked |  0
|  56|0x0000000083800000, 0x0000000083900000, 0x0000000083900000|100%| O|  |TAMS 0x0000000083900000| PB 0x0000000083800000| Untracked |  0
|  57|0x0000000083900000, 0x0000000083a00000, 0x0000000083a00000|100%| O|  |TAMS 0x0000000083900000| PB 0x0000000083900000| Untracked |  0
|  58|0x0000000083a00000, 0x0000000083b00000, 0x0000000083b00000|100%| O|  |TAMS 0x0000000083b00000| PB 0x0000000083a00000| Untracked |  0
|  59|0x0000000083b00000, 0x0000000083c00000, 0x0000000083c00000|100%| O|  |TAMS 0x0000000083c00000| PB 0x0000000083b00000| Untracked |  0
|  60|0x0000000083c00000, 0x0000000083d00000, 0x0000000083d00000|100%| O|  |TAMS 0x0000000083d00000| PB 0x0000000083c00000| Untracked |  0
|  61|0x0000000083d00000, 0x0000000083e00000, 0x0000000083e00000|100%| O|  |TAMS 0x0000000083e00000| PB 0x0000000083d00000| Untracked |  0
|  62|0x0000000083e00000, 0x0000000083f00000, 0x0000000083f00000|100%| O|  |TAMS 0x0000000083f00000| PB 0x0000000083e00000| Untracked |  0
|  63|0x0000000083f00000, 0x0000000084000000, 0x0000000084000000|100%| O|  |TAMS 0x0000000084000000| PB 0x0000000083f00000| Untracked |  0
|  64|0x0000000084000000, 0x0000000084100000, 0x0000000084100000|100%| O|  |TAMS 0x0000000084100000| PB 0x0000000084000000| Untracked |  0
|  65|0x0000000084100000, 0x0000000084200000, 0x0000000084200000|100%| O|  |TAMS 0x0000000084200000| PB 0x0000000084100000| Untracked |  0
|  66|0x0000000084200000, 0x0000000084300000, 0x0000000084300000|100%| O|  |TAMS 0x0000000084300000| PB 0x0000000084200000| Untracked |  0
|  67|0x0000000084300000, 0x0000000084400000, 0x0000000084400000|100%| O|  |TAMS 0x0000000084400000| PB 0x0000000084300000| Untracked |  0
|  68|0x0000000084400000, 0x0000000084500000, 0x0000000084500000|100%| O|  |TAMS 0x0000000084500000| PB 0x0000000084400000| Untracked |  0
|  69|0x0000000084500000, 0x0000000084600000, 0x0000000084600000|100%| O|  |TAMS 0x0000000084600000| PB 0x0000000084500000| Untracked |  0
|  70|0x0000000084600000, 0x0000000084700000, 0x0000000084700000|100%| O|  |TAMS 0x0000000084700000| PB 0x0000000084600000| Untracked |  0
|  71|0x0000000084700000, 0x0000000084800000, 0x0000000084800000|100%| O|  |TAMS 0x0000000084800000| PB 0x0000000084700000| Untracked |  0
|  72|0x0000000084800000, 0x0000000084900000, 0x0000000084900000|100%| O|  |TAMS 0x0000000084900000| PB 0x0000000084800000| Untracked |  0
|  73|0x0000000084900000, 0x0000000084a00000, 0x0000000084a00000|100%| O|  |TAMS 0x0000000084a00000| PB 0x0000000084900000| Untracked |  0
|  74|0x0000000084a00000, 0x0000000084b00000, 0x0000000084b00000|100%| O|  |TAMS 0x0000000084b00000| PB 0x0000000084a00000| Untracked |  0
|  75|0x0000000084b00000, 0x0000000084c00000, 0x0000000084c00000|100%| O|  |TAMS 0x0000000084c00000| PB 0x0000000084b00000| Untracked |  0
|  76|0x0000000084c00000, 0x0000000084d00000, 0x0000000084d00000|100%| O|  |TAMS 0x0000000084d00000| PB 0x0000000084c00000| Untracked |  0
|  77|0x0000000084d00000, 0x0000000084e00000, 0x0000000084e00000|100%| O|  |TAMS 0x0000000084e00000| PB 0x0000000084d00000| Untracked |  0
|  78|0x0000000084e00000, 0x0000000084f00000, 0x0000000084f00000|100%| O|  |TAMS 0x0000000084f00000| PB 0x0000000084e00000| Untracked |  0
|  79|0x0000000084f00000, 0x0000000085000000, 0x0000000085000000|100%| O|  |TAMS 0x0000000084f00000| PB 0x0000000084f00000| Untracked |  0
|  80|0x0000000085000000, 0x0000000085100000, 0x0000000085100000|100%| O|  |TAMS 0x0000000085100000| PB 0x0000000085000000| Untracked |  0
|  81|0x0000000085100000, 0x0000000085200000, 0x0000000085200000|100%| O|  |TAMS 0x0000000085200000| PB 0x0000000085100000| Untracked |  0
|  82|0x0000000085200000, 0x0000000085300000, 0x0000000085300000|100%| O|  |TAMS 0x0000000085300000| PB 0x0000000085200000| Untracked |  0
|  83|0x0000000085300000, 0x0000000085400000, 0x0000000085400000|100%| O|  |TAMS 0x0000000085400000| PB 0x0000000085300000| Untracked |  0
|  84|0x0000000085400000, 0x0000000085500000, 0x0000000085500000|100%| O|  |TAMS 0x0000000085500000| PB 0x0000000085400000| Untracked |  0
|  85|0x0000000085500000, 0x0000000085600000, 0x0000000085600000|100%| O|  |TAMS 0x0000000085600000| PB 0x0000000085500000| Untracked |  0
|  86|0x0000000085600000, 0x0000000085700000, 0x0000000085700000|100%|HS|  |TAMS 0x0000000085700000| PB 0x0000000085600000| Complete |  0
|  87|0x0000000085700000, 0x0000000085800000, 0x0000000085800000|100%|HC|  |TAMS 0x0000000085800000| PB 0x0000000085700000| Complete |  0
|  88|0x0000000085800000, 0x0000000085900000, 0x0000000085900000|100%| O|  |TAMS 0x0000000085900000| PB 0x0000000085800000| Untracked |  0
|  89|0x0000000085900000, 0x0000000085a00000, 0x0000000085a00000|100%| O|  |TAMS 0x0000000085a00000| PB 0x0000000085900000| Untracked |  0
|  90|0x0000000085a00000, 0x0000000085b00000, 0x0000000085b00000|100%| O|  |TAMS 0x0000000085b00000| PB 0x0000000085a00000| Untracked |  0
|  91|0x0000000085b00000, 0x0000000085c00000, 0x0000000085c00000|100%| O|  |TAMS 0x0000000085c00000| PB 0x0000000085b00000| Untracked |  0
|  92|0x0000000085c00000, 0x0000000085d00000, 0x0000000085d00000|100%| O|  |TAMS 0x0000000085d00000| PB 0x0000000085c00000| Untracked |  0
|  93|0x0000000085d00000, 0x0000000085e00000, 0x0000000085e00000|100%| O|  |TAMS 0x0000000085e00000| PB 0x0000000085d00000| Untracked |  0
|  94|0x0000000085e00000, 0x0000000085f00000, 0x0000000085f00000|100%| O|  |TAMS 0x0000000085f00000| PB 0x0000000085e00000| Untracked |  0
|  95|0x0000000085f00000, 0x0000000086000000, 0x0000000086000000|100%| O|  |TAMS 0x0000000086000000| PB 0x0000000085f00000| Untracked |  0
|  96|0x0000000086000000, 0x0000000086100000, 0x0000000086100000|100%| O|  |TAMS 0x0000000086100000| PB 0x0000000086000000| Untracked |  0
|  97|0x0000000086100000, 0x0000000086200000, 0x0000000086200000|100%| O|  |TAMS 0x0000000086200000| PB 0x0000000086100000| Untracked |  0
|  98|0x0000000086200000, 0x0000000086300000, 0x0000000086300000|100%| O|  |TAMS 0x0000000086300000| PB 0x0000000086200000| Untracked |  0
|  99|0x0000000086300000, 0x0000000086400000, 0x0000000086400000|100%| O|  |TAMS 0x0000000086400000| PB 0x0000000086300000| Untracked |  0
| 100|0x0000000086400000, 0x0000000086500000, 0x0000000086500000|100%| O|  |TAMS 0x0000000086500000| PB 0x0000000086400000| Untracked |  0
| 101|0x0000000086500000, 0x0000000086600000, 0x0000000086600000|100%| O|  |TAMS 0x0000000086600000| PB 0x0000000086500000| Untracked |  0
| 102|0x0000000086600000, 0x0000000086700000, 0x0000000086700000|100%| O|  |TAMS 0x0000000086700000| PB 0x0000000086600000| Untracked |  0
| 103|0x0000000086700000, 0x0000000086800000, 0x0000000086800000|100%| O|  |TAMS 0x0000000086800000| PB 0x0000000086700000| Untracked |  0
| 104|0x0000000086800000, 0x0000000086900000, 0x0000000086900000|100%|HS|  |TAMS 0x0000000086900000| PB 0x0000000086800000| Complete |  0
| 105|0x0000000086900000, 0x0000000086a00000, 0x0000000086a00000|100%| O|  |TAMS 0x0000000086a00000| PB 0x0000000086900000| Untracked |  0
| 106|0x0000000086a00000, 0x0000000086b00000, 0x0000000086b00000|100%| O|  |TAMS 0x0000000086b00000| PB 0x0000000086a00000| Untracked |  0
| 107|0x0000000086b00000, 0x0000000086c00000, 0x0000000086c00000|100%| O|  |TAMS 0x0000000086c00000| PB 0x0000000086b00000| Untracked |  0
| 108|0x0000000086c00000, 0x0000000086d00000, 0x0000000086d00000|100%| O|  |TAMS 0x0000000086d00000| PB 0x0000000086c00000| Untracked |  0
| 109|0x0000000086d00000, 0x0000000086e00000, 0x0000000086e00000|100%| O|  |TAMS 0x0000000086e00000| PB 0x0000000086d00000| Untracked |  0
| 110|0x0000000086e00000, 0x0000000086f00000, 0x0000000086f00000|100%| O|  |TAMS 0x0000000086f00000| PB 0x0000000086e00000| Untracked |  0
| 111|0x0000000086f00000, 0x0000000087000000, 0x0000000087000000|100%| O|  |TAMS 0x0000000087000000| PB 0x0000000086f00000| Untracked |  0
| 112|0x0000000087000000, 0x0000000087100000, 0x0000000087100000|100%| O|  |TAMS 0x0000000087100000| PB 0x0000000087000000| Untracked |  0
| 113|0x0000000087100000, 0x0000000087200000, 0x0000000087200000|100%| O|  |TAMS 0x0000000087200000| PB 0x0000000087100000| Untracked |  0
| 114|0x0000000087200000, 0x0000000087300000, 0x0000000087300000|100%| O|  |TAMS 0x0000000087300000| PB 0x0000000087200000| Untracked |  0
| 115|0x0000000087300000, 0x0000000087400000, 0x0000000087400000|100%| O|  |TAMS 0x0000000087400000| PB 0x0000000087300000| Untracked |  0
| 116|0x0000000087400000, 0x0000000087500000, 0x0000000087500000|100%|HS|  |TAMS 0x0000000087500000| PB 0x0000000087400000| Complete |  0
| 117|0x0000000087500000, 0x0000000087600000, 0x0000000087600000|100%|HS|  |TAMS 0x0000000087600000| PB 0x0000000087500000| Complete |  0
| 118|0x0000000087600000, 0x0000000087700000, 0x0000000087700000|100%|HS|  |TAMS 0x0000000087700000| PB 0x0000000087600000| Complete |  0
| 119|0x0000000087700000, 0x0000000087800000, 0x0000000087800000|100%| O|  |TAMS 0x0000000087800000| PB 0x0000000087700000| Untracked |  0
| 120|0x0000000087800000, 0x0000000087900000, 0x0000000087900000|100%|HS|  |TAMS 0x0000000087900000| PB 0x0000000087800000| Complete |  0
| 121|0x0000000087900000, 0x0000000087a00000, 0x0000000087a00000|100%|HC|  |TAMS 0x0000000087a00000| PB 0x0000000087900000| Complete |  0
| 122|0x0000000087a00000, 0x0000000087b00000, 0x0000000087b00000|100%|HS|  |TAMS 0x0000000087b00000| PB 0x0000000087a00000| Complete |  0
| 123|0x0000000087b00000, 0x0000000087c00000, 0x0000000087c00000|100%|HS|  |TAMS 0x0000000087c00000| PB 0x0000000087b00000| Complete |  0
| 124|0x0000000087c00000, 0x0000000087d00000, 0x0000000087d00000|100%| O|  |TAMS 0x0000000087d00000| PB 0x0000000087c00000| Untracked |  0
| 125|0x0000000087d00000, 0x0000000087e00000, 0x0000000087e00000|100%|HS|  |TAMS 0x0000000087e00000| PB 0x0000000087d00000| Complete |  0
| 126|0x0000000087e00000, 0x0000000087f00000, 0x0000000087f00000|100%|HS|  |TAMS 0x0000000087f00000| PB 0x0000000087e00000| Complete |  0
| 127|0x0000000087f00000, 0x0000000088000000, 0x0000000088000000|100%|HS|  |TAMS 0x0000000088000000| PB 0x0000000087f00000| Complete |  0
| 128|0x0000000088000000, 0x0000000088100000, 0x0000000088100000|100%| O|  |TAMS 0x0000000088100000| PB 0x0000000088000000| Untracked |  0
| 129|0x0000000088100000, 0x0000000088200000, 0x0000000088200000|100%| O|  |TAMS 0x0000000088200000| PB 0x0000000088100000| Untracked |  0
| 130|0x0000000088200000, 0x0000000088300000, 0x0000000088300000|100%| O|  |TAMS 0x0000000088300000| PB 0x0000000088200000| Untracked |  0
| 131|0x0000000088300000, 0x0000000088400000, 0x0000000088400000|100%| O|  |TAMS 0x0000000088400000| PB 0x0000000088300000| Untracked |  0
| 132|0x0000000088400000, 0x0000000088500000, 0x0000000088500000|100%| O|  |TAMS 0x0000000088500000| PB 0x0000000088400000| Untracked |  0
| 133|0x0000000088500000, 0x0000000088600000, 0x0000000088600000|100%| O|  |TAMS 0x0000000088600000| PB 0x0000000088500000| Untracked |  0
| 134|0x0000000088600000, 0x0000000088700000, 0x0000000088700000|100%| O|  |TAMS 0x0000000088700000| PB 0x0000000088600000| Untracked |  0
| 135|0x0000000088700000, 0x0000000088800000, 0x0000000088800000|100%| O|  |TAMS 0x0000000088800000| PB 0x0000000088700000| Untracked |  0
| 136|0x0000000088800000, 0x0000000088900000, 0x0000000088900000|100%| O|  |TAMS 0x0000000088900000| PB 0x0000000088800000| Untracked |  0
| 137|0x0000000088900000, 0x0000000088a00000, 0x0000000088a00000|100%| O|  |TAMS 0x0000000088a00000| PB 0x0000000088900000| Untracked |  0
| 138|0x0000000088a00000, 0x0000000088b00000, 0x0000000088b00000|100%| O|  |TAMS 0x0000000088b00000| PB 0x0000000088a00000| Untracked |  0
| 139|0x0000000088b00000, 0x0000000088c00000, 0x0000000088c00000|100%| O|  |TAMS 0x0000000088c00000| PB 0x0000000088b00000| Untracked |  0
| 140|0x0000000088c00000, 0x0000000088d00000, 0x0000000088d00000|100%| O|  |TAMS 0x0000000088d00000| PB 0x0000000088c00000| Untracked |  0
| 141|0x0000000088d00000, 0x0000000088e00000, 0x0000000088e00000|100%| O|  |TAMS 0x0000000088e00000| PB 0x0000000088d00000| Untracked |  0
| 142|0x0000000088e00000, 0x0000000088f00000, 0x0000000088f00000|100%| O|  |TAMS 0x0000000088f00000| PB 0x0000000088e00000| Untracked |  0
| 143|0x0000000088f00000, 0x0000000089000000, 0x0000000089000000|100%| O|  |TAMS 0x0000000089000000| PB 0x0000000088f00000| Untracked |  0
| 144|0x0000000089000000, 0x0000000089100000, 0x0000000089100000|100%| O|  |TAMS 0x0000000089000000| PB 0x0000000089000000| Untracked |  0
| 145|0x0000000089100000, 0x0000000089200000, 0x0000000089200000|100%| O|  |TAMS 0x0000000089200000| PB 0x0000000089100000| Untracked |  0
| 146|0x0000000089200000, 0x0000000089300000, 0x0000000089300000|100%| O|  |TAMS 0x0000000089300000| PB 0x0000000089200000| Untracked |  0
| 147|0x0000000089300000, 0x0000000089400000, 0x0000000089400000|100%| O|  |TAMS 0x0000000089400000| PB 0x0000000089300000| Untracked |  0
| 148|0x0000000089400000, 0x0000000089500000, 0x0000000089500000|100%|HS|  |TAMS 0x0000000089500000| PB 0x0000000089400000| Complete |  0
| 149|0x0000000089500000, 0x0000000089600000, 0x0000000089600000|100%|HC|  |TAMS 0x0000000089600000| PB 0x0000000089500000| Complete |  0
| 150|0x0000000089600000, 0x0000000089700000, 0x0000000089700000|100%| O|  |TAMS 0x0000000089700000| PB 0x0000000089600000| Untracked |  0
| 151|0x0000000089700000, 0x0000000089800000, 0x0000000089800000|100%| O|  |TAMS 0x0000000089800000| PB 0x0000000089700000| Untracked |  0
| 152|0x0000000089800000, 0x0000000089900000, 0x0000000089900000|100%| O|  |TAMS 0x0000000089900000| PB 0x0000000089800000| Untracked |  0
| 153|0x0000000089900000, 0x0000000089a00000, 0x0000000089a00000|100%| O|  |TAMS 0x0000000089a00000| PB 0x0000000089900000| Untracked |  0
| 154|0x0000000089a00000, 0x0000000089b00000, 0x0000000089b00000|100%| O|  |TAMS 0x0000000089b00000| PB 0x0000000089a00000| Untracked |  0
| 155|0x0000000089b00000, 0x0000000089c00000, 0x0000000089c00000|100%| O|  |TAMS 0x0000000089c00000| PB 0x0000000089b00000| Untracked |  0
| 156|0x0000000089c00000, 0x0000000089d00000, 0x0000000089d00000|100%| O|  |TAMS 0x0000000089d00000| PB 0x0000000089c00000| Untracked |  0
| 157|0x0000000089d00000, 0x0000000089e00000, 0x0000000089e00000|100%| O|  |TAMS 0x0000000089e00000| PB 0x0000000089d00000| Untracked |  0
| 158|0x0000000089e00000, 0x0000000089f00000, 0x0000000089f00000|100%| O|  |TAMS 0x0000000089f00000| PB 0x0000000089e00000| Untracked |  0
| 159|0x0000000089f00000, 0x000000008a000000, 0x000000008a000000|100%| O|  |TAMS 0x000000008a000000| PB 0x0000000089f00000| Untracked |  0
| 160|0x000000008a000000, 0x000000008a100000, 0x000000008a100000|100%| O|  |TAMS 0x000000008a100000| PB 0x000000008a000000| Untracked |  0
| 161|0x000000008a100000, 0x000000008a200000, 0x000000008a200000|100%| O|  |TAMS 0x000000008a200000| PB 0x000000008a100000| Untracked |  0
| 162|0x000000008a200000, 0x000000008a300000, 0x000000008a300000|100%| O|  |TAMS 0x000000008a300000| PB 0x000000008a200000| Untracked |  0
| 163|0x000000008a300000, 0x000000008a400000, 0x000000008a400000|100%| O|  |TAMS 0x000000008a400000| PB 0x000000008a300000| Untracked |  0
| 164|0x000000008a400000, 0x000000008a500000, 0x000000008a500000|100%| O|  |TAMS 0x000000008a400000| PB 0x000000008a400000| Untracked |  0
| 165|0x000000008a500000, 0x000000008a600000, 0x000000008a600000|100%| O|  |TAMS 0x000000008a500000| PB 0x000000008a500000| Untracked |  0
| 166|0x000000008a600000, 0x000000008a700000, 0x000000008a700000|100%| O|  |TAMS 0x000000008a700000| PB 0x000000008a600000| Untracked |  0
| 167|0x000000008a700000, 0x000000008a800000, 0x000000008a800000|100%| O|  |TAMS 0x000000008a800000| PB 0x000000008a700000| Untracked |  0
| 168|0x000000008a800000, 0x000000008a900000, 0x000000008a900000|100%| O|  |TAMS 0x000000008a900000| PB 0x000000008a800000| Untracked |  0
| 169|0x000000008a900000, 0x000000008aa00000, 0x000000008aa00000|100%| O|  |TAMS 0x000000008aa00000| PB 0x000000008a900000| Untracked |  0
| 170|0x000000008aa00000, 0x000000008ab00000, 0x000000008ab00000|100%| O|  |TAMS 0x000000008ab00000| PB 0x000000008aa00000| Untracked |  0
| 171|0x000000008ab00000, 0x000000008ac00000, 0x000000008ac00000|100%| O|  |TAMS 0x000000008ab00000| PB 0x000000008ab00000| Untracked |  0
| 172|0x000000008ac00000, 0x000000008ac8b160, 0x000000008ad00000| 54%| O|  |TAMS 0x000000008ac00000| PB 0x000000008ac00000| Untracked |  0
| 173|0x000000008ad00000, 0x000000008ad00000, 0x000000008ae00000|  0%| F|  |TAMS 0x000000008ad00000| PB 0x000000008ad00000| Untracked |  0
| 174|0x000000008ae00000, 0x000000008af00000, 0x000000008af00000|100%| O|  |TAMS 0x000000008af00000| PB 0x000000008ae00000| Untracked |  0
| 175|0x000000008af00000, 0x000000008b000000, 0x000000008b000000|100%| O|  |TAMS 0x000000008b000000| PB 0x000000008af00000| Untracked |  0
| 176|0x000000008b000000, 0x000000008b100000, 0x000000008b100000|100%| O|  |TAMS 0x000000008b100000| PB 0x000000008b000000| Untracked |  0
| 177|0x000000008b100000, 0x000000008b200000, 0x000000008b200000|100%| O|  |TAMS 0x000000008b200000| PB 0x000000008b100000| Untracked |  0
| 178|0x000000008b200000, 0x000000008b300000, 0x000000008b300000|100%| O|  |TAMS 0x000000008b300000| PB 0x000000008b200000| Untracked |  0
| 179|0x000000008b300000, 0x000000008b400000, 0x000000008b400000|100%| O|  |TAMS 0x000000008b400000| PB 0x000000008b300000| Untracked |  0
| 180|0x000000008b400000, 0x000000008b500000, 0x000000008b500000|100%| O|  |TAMS 0x000000008b500000| PB 0x000000008b400000| Untracked |  0
| 181|0x000000008b500000, 0x000000008b500000, 0x000000008b600000|  0%| F|  |TAMS 0x000000008b500000| PB 0x000000008b500000| Untracked |  0
| 182|0x000000008b600000, 0x000000008b600000, 0x000000008b700000|  0%| F|  |TAMS 0x000000008b600000| PB 0x000000008b600000| Untracked |  0
| 183|0x000000008b700000, 0x000000008b800000, 0x000000008b800000|100%| O|  |TAMS 0x000000008b800000| PB 0x000000008b700000| Untracked |  0
| 184|0x000000008b800000, 0x000000008b800000, 0x000000008b900000|  0%| F|  |TAMS 0x000000008b800000| PB 0x000000008b800000| Untracked |  0
| 185|0x000000008b900000, 0x000000008b900000, 0x000000008ba00000|  0%| F|  |TAMS 0x000000008b900000| PB 0x000000008b900000| Untracked |  0
| 186|0x000000008ba00000, 0x000000008bb00000, 0x000000008bb00000|100%| O|  |TAMS 0x000000008bb00000| PB 0x000000008ba00000| Untracked |  0
| 187|0x000000008bb00000, 0x000000008bb00000, 0x000000008bc00000|  0%| F|  |TAMS 0x000000008bb00000| PB 0x000000008bb00000| Untracked |  0
| 188|0x000000008bc00000, 0x000000008bc00000, 0x000000008bd00000|  0%| F|  |TAMS 0x000000008bc00000| PB 0x000000008bc00000| Untracked |  0
| 189|0x000000008bd00000, 0x000000008be00000, 0x000000008be00000|100%| O|  |TAMS 0x000000008be00000| PB 0x000000008bd00000| Untracked |  0
| 190|0x000000008be00000, 0x000000008bf00000, 0x000000008bf00000|100%| O|  |TAMS 0x000000008bf00000| PB 0x000000008be00000| Untracked |  0
| 191|0x000000008bf00000, 0x000000008c000000, 0x000000008c000000|100%| O|  |TAMS 0x000000008c000000| PB 0x000000008bf00000| Untracked |  0
| 192|0x000000008c000000, 0x000000008c100000, 0x000000008c100000|100%| O|  |TAMS 0x000000008c100000| PB 0x000000008c000000| Untracked |  0
| 193|0x000000008c100000, 0x000000008c200000, 0x000000008c200000|100%| O|  |TAMS 0x000000008c200000| PB 0x000000008c100000| Untracked |  0
| 194|0x000000008c200000, 0x000000008c300000, 0x000000008c300000|100%| O|  |TAMS 0x000000008c300000| PB 0x000000008c200000| Untracked |  0
| 195|0x000000008c300000, 0x000000008c400000, 0x000000008c400000|100%| O|  |TAMS 0x000000008c400000| PB 0x000000008c300000| Untracked |  0
| 196|0x000000008c400000, 0x000000008c500000, 0x000000008c500000|100%| O|  |TAMS 0x000000008c500000| PB 0x000000008c400000| Untracked |  0
| 197|0x000000008c500000, 0x000000008c600000, 0x000000008c600000|100%| O|  |TAMS 0x000000008c600000| PB 0x000000008c500000| Untracked |  0
| 198|0x000000008c600000, 0x000000008c700000, 0x000000008c700000|100%| O|  |TAMS 0x000000008c700000| PB 0x000000008c600000| Untracked |  0
| 199|0x000000008c700000, 0x000000008c800000, 0x000000008c800000|100%| O|  |TAMS 0x000000008c800000| PB 0x000000008c700000| Untracked |  0
| 200|0x000000008c800000, 0x000000008c800000, 0x000000008c900000|  0%| F|  |TAMS 0x000000008c800000| PB 0x000000008c800000| Untracked |  0
| 201|0x000000008c900000, 0x000000008c900000, 0x000000008ca00000|  0%| F|  |TAMS 0x000000008c900000| PB 0x000000008c900000| Untracked |  0
| 202|0x000000008ca00000, 0x000000008ca00000, 0x000000008cb00000|  0%| F|  |TAMS 0x000000008ca00000| PB 0x000000008ca00000| Untracked |  0
| 203|0x000000008cb00000, 0x000000008cb00000, 0x000000008cc00000|  0%| F|  |TAMS 0x000000008cb00000| PB 0x000000008cb00000| Untracked |  0
| 204|0x000000008cc00000, 0x000000008cc00000, 0x000000008cd00000|  0%| F|  |TAMS 0x000000008cc00000| PB 0x000000008cc00000| Untracked |  0
| 205|0x000000008cd00000, 0x000000008cd00000, 0x000000008ce00000|  0%| F|  |TAMS 0x000000008cd00000| PB 0x000000008cd00000| Untracked |  0
| 206|0x000000008ce00000, 0x000000008ce00000, 0x000000008cf00000|  0%| F|  |TAMS 0x000000008ce00000| PB 0x000000008ce00000| Untracked |  0
| 207|0x000000008cf00000, 0x000000008cf00000, 0x000000008d000000|  0%| F|  |TAMS 0x000000008cf00000| PB 0x000000008cf00000| Untracked |  0
| 208|0x000000008d000000, 0x000000008d100000, 0x000000008d100000|100%| O|  |TAMS 0x000000008d100000| PB 0x000000008d000000| Untracked |  0
| 209|0x000000008d100000, 0x000000008d200000, 0x000000008d200000|100%| O|  |TAMS 0x000000008d200000| PB 0x000000008d100000| Untracked |  0
| 210|0x000000008d200000, 0x000000008d300000, 0x000000008d300000|100%| O|  |TAMS 0x000000008d300000| PB 0x000000008d200000| Untracked |  0
| 211|0x000000008d300000, 0x000000008d400000, 0x000000008d400000|100%| O|  |TAMS 0x000000008d400000| PB 0x000000008d300000| Untracked |  0
| 212|0x000000008d400000, 0x000000008d500000, 0x000000008d500000|100%| O|  |TAMS 0x000000008d500000| PB 0x000000008d400000| Untracked |  0
| 213|0x000000008d500000, 0x000000008d600000, 0x000000008d600000|100%| O|  |TAMS 0x000000008d600000| PB 0x000000008d500000| Untracked |  0
| 214|0x000000008d600000, 0x000000008d700000, 0x000000008d700000|100%| O|  |TAMS 0x000000008d700000| PB 0x000000008d600000| Untracked |  0
| 215|0x000000008d700000, 0x000000008d800000, 0x000000008d800000|100%| O|  |TAMS 0x000000008d800000| PB 0x000000008d700000| Untracked |  0
| 216|0x000000008d800000, 0x000000008d900000, 0x000000008d900000|100%| O|  |TAMS 0x000000008d900000| PB 0x000000008d800000| Untracked |  0
| 217|0x000000008d900000, 0x000000008d900000, 0x000000008da00000|  0%| F|  |TAMS 0x000000008d900000| PB 0x000000008d900000| Untracked |  0
| 218|0x000000008da00000, 0x000000008da00000, 0x000000008db00000|  0%| F|  |TAMS 0x000000008da00000| PB 0x000000008da00000| Untracked |  0
| 219|0x000000008db00000, 0x000000008db00000, 0x000000008dc00000|  0%| F|  |TAMS 0x000000008db00000| PB 0x000000008db00000| Untracked |  0
| 220|0x000000008dc00000, 0x000000008dc00000, 0x000000008dd00000|  0%| F|  |TAMS 0x000000008dc00000| PB 0x000000008dc00000| Untracked |  0
| 221|0x000000008dd00000, 0x000000008dd00000, 0x000000008de00000|  0%| F|  |TAMS 0x000000008dd00000| PB 0x000000008dd00000| Untracked |  0
| 222|0x000000008de00000, 0x000000008de00000, 0x000000008df00000|  0%| F|  |TAMS 0x000000008de00000| PB 0x000000008de00000| Untracked |  0
| 223|0x000000008df00000, 0x000000008df00000, 0x000000008e000000|  0%| F|  |TAMS 0x000000008df00000| PB 0x000000008df00000| Untracked |  0
| 224|0x000000008e000000, 0x000000008e000000, 0x000000008e100000|  0%| F|  |TAMS 0x000000008e000000| PB 0x000000008e000000| Untracked |  0
| 225|0x000000008e100000, 0x000000008e100000, 0x000000008e200000|  0%| F|  |TAMS 0x000000008e100000| PB 0x000000008e100000| Untracked |  0
| 226|0x000000008e200000, 0x000000008e200000, 0x000000008e300000|  0%| F|  |TAMS 0x000000008e200000| PB 0x000000008e200000| Untracked |  0
| 227|0x000000008e300000, 0x000000008e300000, 0x000000008e400000|  0%| F|  |TAMS 0x000000008e300000| PB 0x000000008e300000| Untracked |  0
| 228|0x000000008e400000, 0x000000008e400000, 0x000000008e500000|  0%| F|  |TAMS 0x000000008e400000| PB 0x000000008e400000| Untracked |  0
| 229|0x000000008e500000, 0x000000008e500000, 0x000000008e600000|  0%| F|  |TAMS 0x000000008e500000| PB 0x000000008e500000| Untracked |  0
| 230|0x000000008e600000, 0x000000008e600000, 0x000000008e700000|  0%| F|  |TAMS 0x000000008e600000| PB 0x000000008e600000| Untracked |  0
| 231|0x000000008e700000, 0x000000008e700000, 0x000000008e800000|  0%| F|  |TAMS 0x000000008e700000| PB 0x000000008e700000| Untracked |  0
| 232|0x000000008e800000, 0x000000008e800000, 0x000000008e900000|  0%| F|  |TAMS 0x000000008e800000| PB 0x000000008e800000| Untracked |  0
| 233|0x000000008e900000, 0x000000008e900000, 0x000000008ea00000|  0%| F|  |TAMS 0x000000008e900000| PB 0x000000008e900000| Untracked |  0
| 234|0x000000008ea00000, 0x000000008ea00000, 0x000000008eb00000|  0%| F|  |TAMS 0x000000008ea00000| PB 0x000000008ea00000| Untracked |  0
| 235|0x000000008eb00000, 0x000000008eb00000, 0x000000008ec00000|  0%| F|  |TAMS 0x000000008eb00000| PB 0x000000008eb00000| Untracked |  0
| 236|0x000000008ec00000, 0x000000008ec00000, 0x000000008ed00000|  0%| F|  |TAMS 0x000000008ec00000| PB 0x000000008ec00000| Untracked |  0
| 237|0x000000008ed00000, 0x000000008ed00000, 0x000000008ee00000|  0%| F|  |TAMS 0x000000008ed00000| PB 0x000000008ed00000| Untracked |  0
| 238|0x000000008ee00000, 0x000000008ee00000, 0x000000008ef00000|  0%| F|  |TAMS 0x000000008ee00000| PB 0x000000008ee00000| Untracked |  0
| 239|0x000000008ef00000, 0x000000008ef00000, 0x000000008f000000|  0%| F|  |TAMS 0x000000008ef00000| PB 0x000000008ef00000| Untracked |  0
| 240|0x000000008f000000, 0x000000008f000000, 0x000000008f100000|  0%| F|  |TAMS 0x000000008f000000| PB 0x000000008f000000| Untracked |  0
| 241|0x000000008f100000, 0x000000008f100000, 0x000000008f200000|  0%| F|  |TAMS 0x000000008f100000| PB 0x000000008f100000| Untracked |  0
| 242|0x000000008f200000, 0x000000008f200000, 0x000000008f300000|  0%| F|  |TAMS 0x000000008f200000| PB 0x000000008f200000| Untracked |  0
| 243|0x000000008f300000, 0x000000008f300000, 0x000000008f400000|  0%| F|  |TAMS 0x000000008f300000| PB 0x000000008f300000| Untracked |  0
| 244|0x000000008f400000, 0x000000008f400000, 0x000000008f500000|  0%| F|  |TAMS 0x000000008f400000| PB 0x000000008f400000| Untracked |  0
| 245|0x000000008f500000, 0x000000008f500000, 0x000000008f600000|  0%| F|  |TAMS 0x000000008f500000| PB 0x000000008f500000| Untracked |  0
| 246|0x000000008f600000, 0x000000008f600000, 0x000000008f700000|  0%| F|  |TAMS 0x000000008f600000| PB 0x000000008f600000| Untracked |  0
| 247|0x000000008f700000, 0x000000008f700000, 0x000000008f800000|  0%| F|  |TAMS 0x000000008f700000| PB 0x000000008f700000| Untracked |  0
| 248|0x000000008f800000, 0x000000008f800000, 0x000000008f900000|  0%| F|  |TAMS 0x000000008f800000| PB 0x000000008f800000| Untracked |  0
| 249|0x000000008f900000, 0x000000008f900000, 0x000000008fa00000|  0%| F|  |TAMS 0x000000008f900000| PB 0x000000008f900000| Untracked |  0
| 250|0x000000008fa00000, 0x000000008fa00000, 0x000000008fb00000|  0%| F|  |TAMS 0x000000008fa00000| PB 0x000000008fa00000| Untracked |  0
| 251|0x000000008fb00000, 0x000000008fb00000, 0x000000008fc00000|  0%| F|  |TAMS 0x000000008fb00000| PB 0x000000008fb00000| Untracked |  0
| 252|0x000000008fc00000, 0x000000008fc00000, 0x000000008fd00000|  0%| F|  |TAMS 0x000000008fc00000| PB 0x000000008fc00000| Untracked |  0
| 253|0x000000008fd00000, 0x000000008fd00000, 0x000000008fe00000|  0%| F|  |TAMS 0x000000008fd00000| PB 0x000000008fd00000| Untracked |  0
| 254|0x000000008fe00000, 0x000000008fe00000, 0x000000008ff00000|  0%| F|  |TAMS 0x000000008fe00000| PB 0x000000008fe00000| Untracked |  0
| 255|0x000000008ff00000, 0x000000008ff00000, 0x0000000090000000|  0%| F|  |TAMS 0x000000008ff00000| PB 0x000000008ff00000| Untracked |  0
| 256|0x0000000090000000, 0x0000000090000000, 0x0000000090100000|  0%| F|  |TAMS 0x0000000090000000| PB 0x0000000090000000| Untracked |  0
| 257|0x0000000090100000, 0x0000000090100000, 0x0000000090200000|  0%| F|  |TAMS 0x0000000090100000| PB 0x0000000090100000| Untracked |  0
| 258|0x0000000090200000, 0x0000000090200000, 0x0000000090300000|  0%| F|  |TAMS 0x0000000090200000| PB 0x0000000090200000| Untracked |  0
| 259|0x0000000090300000, 0x0000000090300000, 0x0000000090400000|  0%| F|  |TAMS 0x0000000090300000| PB 0x0000000090300000| Untracked |  0
| 260|0x0000000090400000, 0x0000000090400000, 0x0000000090500000|  0%| F|  |TAMS 0x0000000090400000| PB 0x0000000090400000| Untracked |  0
| 261|0x0000000090500000, 0x0000000090500000, 0x0000000090600000|  0%| F|  |TAMS 0x0000000090500000| PB 0x0000000090500000| Untracked |  0
| 262|0x0000000090600000, 0x0000000090600000, 0x0000000090700000|  0%| F|  |TAMS 0x0000000090600000| PB 0x0000000090600000| Untracked |  0
| 263|0x0000000090700000, 0x0000000090700000, 0x0000000090800000|  0%| F|  |TAMS 0x0000000090700000| PB 0x0000000090700000| Untracked |  0
| 264|0x0000000090800000, 0x0000000090800000, 0x0000000090900000|  0%| F|  |TAMS 0x0000000090800000| PB 0x0000000090800000| Untracked |  0
| 265|0x0000000090900000, 0x0000000090900000, 0x0000000090a00000|  0%| F|  |TAMS 0x0000000090900000| PB 0x0000000090900000| Untracked |  0
| 266|0x0000000090a00000, 0x0000000090a00000, 0x0000000090b00000|  0%| F|  |TAMS 0x0000000090a00000| PB 0x0000000090a00000| Untracked |  0
| 267|0x0000000090b00000, 0x0000000090b00000, 0x0000000090c00000|  0%| F|  |TAMS 0x0000000090b00000| PB 0x0000000090b00000| Untracked |  0
| 268|0x0000000090c00000, 0x0000000090c00000, 0x0000000090d00000|  0%| F|  |TAMS 0x0000000090c00000| PB 0x0000000090c00000| Untracked |  0
| 269|0x0000000090d00000, 0x0000000090d00000, 0x0000000090e00000|  0%| F|  |TAMS 0x0000000090d00000| PB 0x0000000090d00000| Untracked |  0
| 270|0x0000000090e00000, 0x0000000090e00000, 0x0000000090f00000|  0%| F|  |TAMS 0x0000000090e00000| PB 0x0000000090e00000| Untracked |  0
| 271|0x0000000090f00000, 0x0000000090f00000, 0x0000000091000000|  0%| F|  |TAMS 0x0000000090f00000| PB 0x0000000090f00000| Untracked |  0
| 272|0x0000000091000000, 0x0000000091000000, 0x0000000091100000|  0%| F|  |TAMS 0x0000000091000000| PB 0x0000000091000000| Untracked |  0
| 273|0x0000000091100000, 0x0000000091200000, 0x0000000091200000|100%| S|CS|TAMS 0x0000000091100000| PB 0x0000000091100000| Complete |  0
| 274|0x0000000091200000, 0x0000000091300000, 0x0000000091300000|100%| S|CS|TAMS 0x0000000091200000| PB 0x0000000091200000| Complete |  0
| 275|0x0000000091300000, 0x0000000091400000, 0x0000000091400000|100%| S|CS|TAMS 0x0000000091300000| PB 0x0000000091300000| Complete |  0
| 276|0x0000000091400000, 0x0000000091500000, 0x0000000091500000|100%| S|CS|TAMS 0x0000000091400000| PB 0x0000000091400000| Complete |  0
| 277|0x0000000091500000, 0x0000000091600000, 0x0000000091600000|100%| S|CS|TAMS 0x0000000091500000| PB 0x0000000091500000| Complete |  0
| 278|0x0000000091600000, 0x0000000091700000, 0x0000000091700000|100%| S|CS|TAMS 0x0000000091600000| PB 0x0000000091600000| Complete |  0
| 279|0x0000000091700000, 0x0000000091800000, 0x0000000091800000|100%| S|CS|TAMS 0x0000000091700000| PB 0x0000000091700000| Complete |  0
| 280|0x0000000091800000, 0x0000000091900000, 0x0000000091900000|100%| S|CS|TAMS 0x0000000091800000| PB 0x0000000091800000| Complete |  0
| 281|0x0000000091900000, 0x0000000091a00000, 0x0000000091a00000|100%| S|CS|TAMS 0x0000000091900000| PB 0x0000000091900000| Complete |  0
| 282|0x0000000091a00000, 0x0000000091b00000, 0x0000000091b00000|100%| S|CS|TAMS 0x0000000091a00000| PB 0x0000000091a00000| Complete |  0
| 283|0x0000000091b00000, 0x0000000091b00000, 0x0000000091c00000|  0%| F|  |TAMS 0x0000000091b00000| PB 0x0000000091b00000| Untracked |  0
| 284|0x0000000091c00000, 0x0000000091c00000, 0x0000000091d00000|  0%| F|  |TAMS 0x0000000091c00000| PB 0x0000000091c00000| Untracked |  0
| 285|0x0000000091d00000, 0x0000000091d00000, 0x0000000091e00000|  0%| F|  |TAMS 0x0000000091d00000| PB 0x0000000091d00000| Untracked |  0
| 286|0x0000000091e00000, 0x0000000091e00000, 0x0000000091f00000|  0%| F|  |TAMS 0x0000000091e00000| PB 0x0000000091e00000| Untracked |  0
| 287|0x0000000091f00000, 0x0000000091f00000, 0x0000000092000000|  0%| F|  |TAMS 0x0000000091f00000| PB 0x0000000091f00000| Untracked |  0
| 288|0x0000000092000000, 0x0000000092000000, 0x0000000092100000|  0%| F|  |TAMS 0x0000000092000000| PB 0x0000000092000000| Untracked |  0
| 289|0x0000000092100000, 0x0000000092100000, 0x0000000092200000|  0%| F|  |TAMS 0x0000000092100000| PB 0x0000000092100000| Untracked |  0
| 290|0x0000000092200000, 0x0000000092200000, 0x0000000092300000|  0%| F|  |TAMS 0x0000000092200000| PB 0x0000000092200000| Untracked |  0
| 291|0x0000000092300000, 0x0000000092300000, 0x0000000092400000|  0%| F|  |TAMS 0x0000000092300000| PB 0x0000000092300000| Untracked |  0
| 292|0x0000000092400000, 0x0000000092400000, 0x0000000092500000|  0%| F|  |TAMS 0x0000000092400000| PB 0x0000000092400000| Untracked |  0
| 293|0x0000000092500000, 0x0000000092500000, 0x0000000092600000|  0%| F|  |TAMS 0x0000000092500000| PB 0x0000000092500000| Untracked |  0
| 294|0x0000000092600000, 0x0000000092600000, 0x0000000092700000|  0%| F|  |TAMS 0x0000000092600000| PB 0x0000000092600000| Untracked |  0
| 295|0x0000000092700000, 0x0000000092700000, 0x0000000092800000|  0%| F|  |TAMS 0x0000000092700000| PB 0x0000000092700000| Untracked |  0
| 296|0x0000000092800000, 0x0000000092800000, 0x0000000092900000|  0%| F|  |TAMS 0x0000000092800000| PB 0x0000000092800000| Untracked |  0
| 297|0x0000000092900000, 0x0000000092900000, 0x0000000092a00000|  0%| F|  |TAMS 0x0000000092900000| PB 0x0000000092900000| Untracked |  0
| 298|0x0000000092a00000, 0x0000000092a00000, 0x0000000092b00000|  0%| F|  |TAMS 0x0000000092a00000| PB 0x0000000092a00000| Untracked |  0
| 299|0x0000000092b00000, 0x0000000092b00000, 0x0000000092c00000|  0%| F|  |TAMS 0x0000000092b00000| PB 0x0000000092b00000| Untracked |  0
| 300|0x0000000092c00000, 0x0000000092c00000, 0x0000000092d00000|  0%| F|  |TAMS 0x0000000092c00000| PB 0x0000000092c00000| Untracked |  0
| 301|0x0000000092d00000, 0x0000000092d00000, 0x0000000092e00000|  0%| F|  |TAMS 0x0000000092d00000| PB 0x0000000092d00000| Untracked |  0
| 302|0x0000000092e00000, 0x0000000092e00000, 0x0000000092f00000|  0%| F|  |TAMS 0x0000000092e00000| PB 0x0000000092e00000| Untracked |  0
| 303|0x0000000092f00000, 0x0000000092f00000, 0x0000000093000000|  0%| F|  |TAMS 0x0000000092f00000| PB 0x0000000092f00000| Untracked |  0
| 304|0x0000000093000000, 0x0000000093000000, 0x0000000093100000|  0%| F|  |TAMS 0x0000000093000000| PB 0x0000000093000000| Untracked |  0
| 305|0x0000000093100000, 0x0000000093100000, 0x0000000093200000|  0%| F|  |TAMS 0x0000000093100000| PB 0x0000000093100000| Untracked |  0
| 306|0x0000000093200000, 0x0000000093200000, 0x0000000093300000|  0%| F|  |TAMS 0x0000000093200000| PB 0x0000000093200000| Untracked |  0
| 307|0x0000000093300000, 0x0000000093300000, 0x0000000093400000|  0%| F|  |TAMS 0x0000000093300000| PB 0x0000000093300000| Untracked |  0
| 308|0x0000000093400000, 0x0000000093400000, 0x0000000093500000|  0%| F|  |TAMS 0x0000000093400000| PB 0x0000000093400000| Untracked |  0
| 309|0x0000000093500000, 0x0000000093500000, 0x0000000093600000|  0%| F|  |TAMS 0x0000000093500000| PB 0x0000000093500000| Untracked |  0
| 310|0x0000000093600000, 0x0000000093600000, 0x0000000093700000|  0%| F|  |TAMS 0x0000000093600000| PB 0x0000000093600000| Untracked |  0
| 311|0x0000000093700000, 0x0000000093700000, 0x0000000093800000|  0%| F|  |TAMS 0x0000000093700000| PB 0x0000000093700000| Untracked |  0
| 312|0x0000000093800000, 0x0000000093800000, 0x0000000093900000|  0%| F|  |TAMS 0x0000000093800000| PB 0x0000000093800000| Untracked |  0
| 313|0x0000000093900000, 0x0000000093900000, 0x0000000093a00000|  0%| F|  |TAMS 0x0000000093900000| PB 0x0000000093900000| Untracked |  0
| 314|0x0000000093a00000, 0x0000000093a00000, 0x0000000093b00000|  0%| F|  |TAMS 0x0000000093a00000| PB 0x0000000093a00000| Untracked |  0
| 315|0x0000000093b00000, 0x0000000093b00000, 0x0000000093c00000|  0%| F|  |TAMS 0x0000000093b00000| PB 0x0000000093b00000| Untracked |  0
| 316|0x0000000093c00000, 0x0000000093c00000, 0x0000000093d00000|  0%| F|  |TAMS 0x0000000093c00000| PB 0x0000000093c00000| Untracked |  0
| 317|0x0000000093d00000, 0x0000000093d00000, 0x0000000093e00000|  0%| F|  |TAMS 0x0000000093d00000| PB 0x0000000093d00000| Untracked |  0
| 318|0x0000000093e00000, 0x0000000093e00000, 0x0000000093f00000|  0%| F|  |TAMS 0x0000000093e00000| PB 0x0000000093e00000| Untracked |  0
| 319|0x0000000093f00000, 0x0000000093f00000, 0x0000000094000000|  0%| F|  |TAMS 0x0000000093f00000| PB 0x0000000093f00000| Untracked |  0
| 320|0x0000000094000000, 0x0000000094000000, 0x0000000094100000|  0%| F|  |TAMS 0x0000000094000000| PB 0x0000000094000000| Untracked |  0
| 321|0x0000000094100000, 0x0000000094100000, 0x0000000094200000|  0%| F|  |TAMS 0x0000000094100000| PB 0x0000000094100000| Untracked |  0
| 322|0x0000000094200000, 0x0000000094200000, 0x0000000094300000|  0%| F|  |TAMS 0x0000000094200000| PB 0x0000000094200000| Untracked |  0
| 323|0x0000000094300000, 0x0000000094300000, 0x0000000094400000|  0%| F|  |TAMS 0x0000000094300000| PB 0x0000000094300000| Untracked |  0
| 324|0x0000000094400000, 0x0000000094400000, 0x0000000094500000|  0%| F|  |TAMS 0x0000000094400000| PB 0x0000000094400000| Untracked |  0
| 325|0x0000000094500000, 0x0000000094500000, 0x0000000094600000|  0%| F|  |TAMS 0x0000000094500000| PB 0x0000000094500000| Untracked |  0
| 326|0x0000000094600000, 0x0000000094600000, 0x0000000094700000|  0%| F|  |TAMS 0x0000000094600000| PB 0x0000000094600000| Untracked |  0
| 327|0x0000000094700000, 0x0000000094700000, 0x0000000094800000|  0%| F|  |TAMS 0x0000000094700000| PB 0x0000000094700000| Untracked |  0
| 328|0x0000000094800000, 0x0000000094800000, 0x0000000094900000|  0%| F|  |TAMS 0x0000000094800000| PB 0x0000000094800000| Untracked |  0
| 329|0x0000000094900000, 0x0000000094900000, 0x0000000094a00000|  0%| F|  |TAMS 0x0000000094900000| PB 0x0000000094900000| Untracked |  0
| 330|0x0000000094a00000, 0x0000000094a00000, 0x0000000094b00000|  0%| F|  |TAMS 0x0000000094a00000| PB 0x0000000094a00000| Untracked |  0
| 331|0x0000000094b00000, 0x0000000094b00000, 0x0000000094c00000|  0%| F|  |TAMS 0x0000000094b00000| PB 0x0000000094b00000| Untracked |  0
| 332|0x0000000094c00000, 0x0000000094c00000, 0x0000000094d00000|  0%| F|  |TAMS 0x0000000094c00000| PB 0x0000000094c00000| Untracked |  0
| 333|0x0000000094d00000, 0x0000000094d00000, 0x0000000094e00000|  0%| F|  |TAMS 0x0000000094d00000| PB 0x0000000094d00000| Untracked |  0
| 334|0x0000000094e00000, 0x0000000094e00000, 0x0000000094f00000|  0%| F|  |TAMS 0x0000000094e00000| PB 0x0000000094e00000| Untracked |  0
| 335|0x0000000094f00000, 0x0000000094f00000, 0x0000000095000000|  0%| F|  |TAMS 0x0000000094f00000| PB 0x0000000094f00000| Untracked |  0
| 336|0x0000000095000000, 0x0000000095000000, 0x0000000095100000|  0%| F|  |TAMS 0x0000000095000000| PB 0x0000000095000000| Untracked |  0
| 337|0x0000000095100000, 0x0000000095100000, 0x0000000095200000|  0%| F|  |TAMS 0x0000000095100000| PB 0x0000000095100000| Untracked |  0
| 338|0x0000000095200000, 0x0000000095200000, 0x0000000095300000|  0%| F|  |TAMS 0x0000000095200000| PB 0x0000000095200000| Untracked |  0
| 339|0x0000000095300000, 0x0000000095300000, 0x0000000095400000|  0%| F|  |TAMS 0x0000000095300000| PB 0x0000000095300000| Untracked |  0
| 340|0x0000000095400000, 0x0000000095400000, 0x0000000095500000|  0%| F|  |TAMS 0x0000000095400000| PB 0x0000000095400000| Untracked |  0
| 341|0x0000000095500000, 0x0000000095500000, 0x0000000095600000|  0%| F|  |TAMS 0x0000000095500000| PB 0x0000000095500000| Untracked |  0
| 342|0x0000000095600000, 0x0000000095600000, 0x0000000095700000|  0%| F|  |TAMS 0x0000000095600000| PB 0x0000000095600000| Untracked |  0
| 343|0x0000000095700000, 0x0000000095700000, 0x0000000095800000|  0%| F|  |TAMS 0x0000000095700000| PB 0x0000000095700000| Untracked |  0
| 344|0x0000000095800000, 0x0000000095800000, 0x0000000095900000|  0%| F|  |TAMS 0x0000000095800000| PB 0x0000000095800000| Untracked |  0
| 345|0x0000000095900000, 0x0000000095900000, 0x0000000095a00000|  0%| F|  |TAMS 0x0000000095900000| PB 0x0000000095900000| Untracked |  0
| 346|0x0000000095a00000, 0x0000000095a00000, 0x0000000095b00000|  0%| F|  |TAMS 0x0000000095a00000| PB 0x0000000095a00000| Untracked |  0
| 347|0x0000000095b00000, 0x0000000095b00000, 0x0000000095c00000|  0%| F|  |TAMS 0x0000000095b00000| PB 0x0000000095b00000| Untracked |  0
| 348|0x0000000095c00000, 0x0000000095c00000, 0x0000000095d00000|  0%| F|  |TAMS 0x0000000095c00000| PB 0x0000000095c00000| Untracked |  0
| 349|0x0000000095d00000, 0x0000000095d00000, 0x0000000095e00000|  0%| F|  |TAMS 0x0000000095d00000| PB 0x0000000095d00000| Untracked |  0
| 350|0x0000000095e00000, 0x0000000095e00000, 0x0000000095f00000|  0%| F|  |TAMS 0x0000000095e00000| PB 0x0000000095e00000| Untracked |  0
| 351|0x0000000095f00000, 0x0000000095f00000, 0x0000000096000000|  0%| F|  |TAMS 0x0000000095f00000| PB 0x0000000095f00000| Untracked |  0
| 352|0x0000000096000000, 0x0000000096000000, 0x0000000096100000|  0%| F|  |TAMS 0x0000000096000000| PB 0x0000000096000000| Untracked |  0
| 353|0x0000000096100000, 0x0000000096100000, 0x0000000096200000|  0%| F|  |TAMS 0x0000000096100000| PB 0x0000000096100000| Untracked |  0
| 354|0x0000000096200000, 0x0000000096200000, 0x0000000096300000|  0%| F|  |TAMS 0x0000000096200000| PB 0x0000000096200000| Untracked |  0
| 355|0x0000000096300000, 0x0000000096300000, 0x0000000096400000|  0%| F|  |TAMS 0x0000000096300000| PB 0x0000000096300000| Untracked |  0
| 356|0x0000000096400000, 0x0000000096400000, 0x0000000096500000|  0%| F|  |TAMS 0x0000000096400000| PB 0x0000000096400000| Untracked |  0
| 357|0x0000000096500000, 0x0000000096500000, 0x0000000096600000|  0%| F|  |TAMS 0x0000000096500000| PB 0x0000000096500000| Untracked |  0
| 358|0x0000000096600000, 0x0000000096600000, 0x0000000096700000|  0%| F|  |TAMS 0x0000000096600000| PB 0x0000000096600000| Untracked |  0
| 359|0x0000000096700000, 0x0000000096700000, 0x0000000096800000|  0%| F|  |TAMS 0x0000000096700000| PB 0x0000000096700000| Untracked |  0
| 360|0x0000000096800000, 0x0000000096800000, 0x0000000096900000|  0%| F|  |TAMS 0x0000000096800000| PB 0x0000000096800000| Untracked |  0
| 361|0x0000000096900000, 0x0000000096900000, 0x0000000096a00000|  0%| F|  |TAMS 0x0000000096900000| PB 0x0000000096900000| Untracked |  0
| 362|0x0000000096a00000, 0x0000000096a00000, 0x0000000096b00000|  0%| F|  |TAMS 0x0000000096a00000| PB 0x0000000096a00000| Untracked |  0
| 363|0x0000000096b00000, 0x0000000096b00000, 0x0000000096c00000|  0%| F|  |TAMS 0x0000000096b00000| PB 0x0000000096b00000| Untracked |  0
| 364|0x0000000096c00000, 0x0000000096c00000, 0x0000000096d00000|  0%| F|  |TAMS 0x0000000096c00000| PB 0x0000000096c00000| Untracked |  0
| 365|0x0000000096d00000, 0x0000000096d00000, 0x0000000096e00000|  0%| F|  |TAMS 0x0000000096d00000| PB 0x0000000096d00000| Untracked |  0
| 366|0x0000000096e00000, 0x0000000096e00000, 0x0000000096f00000|  0%| F|  |TAMS 0x0000000096e00000| PB 0x0000000096e00000| Untracked |  0
| 367|0x0000000096f00000, 0x0000000096f00000, 0x0000000097000000|  0%| F|  |TAMS 0x0000000096f00000| PB 0x0000000096f00000| Untracked |  0
| 368|0x0000000097000000, 0x0000000097000000, 0x0000000097100000|  0%| F|  |TAMS 0x0000000097000000| PB 0x0000000097000000| Untracked |  0
| 369|0x0000000097100000, 0x0000000097100000, 0x0000000097200000|  0%| F|  |TAMS 0x0000000097100000| PB 0x0000000097100000| Untracked |  0
| 370|0x0000000097200000, 0x0000000097200000, 0x0000000097300000|  0%| F|  |TAMS 0x0000000097200000| PB 0x0000000097200000| Untracked |  0
| 371|0x0000000097300000, 0x0000000097300000, 0x0000000097400000|  0%| F|  |TAMS 0x0000000097300000| PB 0x0000000097300000| Untracked |  0
| 372|0x0000000097400000, 0x0000000097400000, 0x0000000097500000|  0%| F|  |TAMS 0x0000000097400000| PB 0x0000000097400000| Untracked |  0
| 373|0x0000000097500000, 0x0000000097500000, 0x0000000097600000|  0%| F|  |TAMS 0x0000000097500000| PB 0x0000000097500000| Untracked |  0
| 374|0x0000000097600000, 0x0000000097600000, 0x0000000097700000|  0%| F|  |TAMS 0x0000000097600000| PB 0x0000000097600000| Untracked |  0
| 375|0x0000000097700000, 0x0000000097700000, 0x0000000097800000|  0%| F|  |TAMS 0x0000000097700000| PB 0x0000000097700000| Untracked |  0
| 376|0x0000000097800000, 0x0000000097800000, 0x0000000097900000|  0%| F|  |TAMS 0x0000000097800000| PB 0x0000000097800000| Untracked |  0
| 377|0x0000000097900000, 0x0000000097900000, 0x0000000097a00000|  0%| F|  |TAMS 0x0000000097900000| PB 0x0000000097900000| Untracked |  0
| 378|0x0000000097a00000, 0x0000000097a00000, 0x0000000097b00000|  0%| F|  |TAMS 0x0000000097a00000| PB 0x0000000097a00000| Untracked |  0
| 379|0x0000000097b00000, 0x0000000097b00000, 0x0000000097c00000|  0%| F|  |TAMS 0x0000000097b00000| PB 0x0000000097b00000| Untracked |  0
| 380|0x0000000097c00000, 0x0000000097c00000, 0x0000000097d00000|  0%| F|  |TAMS 0x0000000097c00000| PB 0x0000000097c00000| Untracked |  0
| 381|0x0000000097d00000, 0x0000000097d00000, 0x0000000097e00000|  0%| F|  |TAMS 0x0000000097d00000| PB 0x0000000097d00000| Untracked |  0
| 382|0x0000000097e00000, 0x0000000097e00000, 0x0000000097f00000|  0%| F|  |TAMS 0x0000000097e00000| PB 0x0000000097e00000| Untracked |  0
| 383|0x0000000097f00000, 0x0000000097f00000, 0x0000000098000000|  0%| F|  |TAMS 0x0000000097f00000| PB 0x0000000097f00000| Untracked |  0
| 384|0x0000000098000000, 0x0000000098000000, 0x0000000098100000|  0%| F|  |TAMS 0x0000000098000000| PB 0x0000000098000000| Untracked |  0
| 385|0x0000000098100000, 0x0000000098100000, 0x0000000098200000|  0%| F|  |TAMS 0x0000000098100000| PB 0x0000000098100000| Untracked |  0
| 386|0x0000000098200000, 0x0000000098200000, 0x0000000098300000|  0%| F|  |TAMS 0x0000000098200000| PB 0x0000000098200000| Untracked |  0
| 387|0x0000000098300000, 0x0000000098300000, 0x0000000098400000|  0%| F|  |TAMS 0x0000000098300000| PB 0x0000000098300000| Untracked |  0
| 388|0x0000000098400000, 0x0000000098400000, 0x0000000098500000|  0%| F|  |TAMS 0x0000000098400000| PB 0x0000000098400000| Untracked |  0
| 389|0x0000000098500000, 0x0000000098500000, 0x0000000098600000|  0%| F|  |TAMS 0x0000000098500000| PB 0x0000000098500000| Untracked |  0
| 390|0x0000000098600000, 0x0000000098600000, 0x0000000098700000|  0%| F|  |TAMS 0x0000000098600000| PB 0x0000000098600000| Untracked |  0
| 391|0x0000000098700000, 0x0000000098700000, 0x0000000098800000|  0%| F|  |TAMS 0x0000000098700000| PB 0x0000000098700000| Untracked |  0
| 392|0x0000000098800000, 0x0000000098800000, 0x0000000098900000|  0%| F|  |TAMS 0x0000000098800000| PB 0x0000000098800000| Untracked |  0
| 393|0x0000000098900000, 0x0000000098900000, 0x0000000098a00000|  0%| F|  |TAMS 0x0000000098900000| PB 0x0000000098900000| Untracked |  0
| 394|0x0000000098a00000, 0x0000000098a00000, 0x0000000098b00000|  0%| F|  |TAMS 0x0000000098a00000| PB 0x0000000098a00000| Untracked |  0
| 395|0x0000000098b00000, 0x0000000098b00000, 0x0000000098c00000|  0%| F|  |TAMS 0x0000000098b00000| PB 0x0000000098b00000| Untracked |  0
| 396|0x0000000098c00000, 0x0000000098c00000, 0x0000000098d00000|  0%| F|  |TAMS 0x0000000098c00000| PB 0x0000000098c00000| Untracked |  0
| 397|0x0000000098d00000, 0x0000000098d00000, 0x0000000098e00000|  0%| F|  |TAMS 0x0000000098d00000| PB 0x0000000098d00000| Untracked |  0
| 398|0x0000000098e00000, 0x0000000098e00000, 0x0000000098f00000|  0%| F|  |TAMS 0x0000000098e00000| PB 0x0000000098e00000| Untracked |  0
| 399|0x0000000098f00000, 0x0000000098f00000, 0x0000000099000000|  0%| F|  |TAMS 0x0000000098f00000| PB 0x0000000098f00000| Untracked |  0
| 400|0x0000000099000000, 0x0000000099000000, 0x0000000099100000|  0%| F|  |TAMS 0x0000000099000000| PB 0x0000000099000000| Untracked |  0
| 401|0x0000000099100000, 0x0000000099100000, 0x0000000099200000|  0%| F|  |TAMS 0x0000000099100000| PB 0x0000000099100000| Untracked |  0
| 402|0x0000000099200000, 0x0000000099200000, 0x0000000099300000|  0%| F|  |TAMS 0x0000000099200000| PB 0x0000000099200000| Untracked |  0
| 403|0x0000000099300000, 0x0000000099300000, 0x0000000099400000|  0%| F|  |TAMS 0x0000000099300000| PB 0x0000000099300000| Untracked |  0
| 404|0x0000000099400000, 0x0000000099400000, 0x0000000099500000|  0%| F|  |TAMS 0x0000000099400000| PB 0x0000000099400000| Untracked |  0
| 405|0x0000000099500000, 0x0000000099500000, 0x0000000099600000|  0%| F|  |TAMS 0x0000000099500000| PB 0x0000000099500000| Untracked |  0
| 406|0x0000000099600000, 0x0000000099600000, 0x0000000099700000|  0%| F|  |TAMS 0x0000000099600000| PB 0x0000000099600000| Untracked |  0
| 407|0x0000000099700000, 0x0000000099700000, 0x0000000099800000|  0%| F|  |TAMS 0x0000000099700000| PB 0x0000000099700000| Untracked |  0
| 408|0x0000000099800000, 0x0000000099800000, 0x0000000099900000|  0%| F|  |TAMS 0x0000000099800000| PB 0x0000000099800000| Untracked |  0
| 409|0x0000000099900000, 0x0000000099900000, 0x0000000099a00000|  0%| F|  |TAMS 0x0000000099900000| PB 0x0000000099900000| Untracked |  0
| 410|0x0000000099a00000, 0x0000000099a00000, 0x0000000099b00000|  0%| F|  |TAMS 0x0000000099a00000| PB 0x0000000099a00000| Untracked |  0
| 411|0x0000000099b00000, 0x0000000099b00000, 0x0000000099c00000|  0%| F|  |TAMS 0x0000000099b00000| PB 0x0000000099b00000| Untracked |  0
| 412|0x0000000099c00000, 0x0000000099c00000, 0x0000000099d00000|  0%| F|  |TAMS 0x0000000099c00000| PB 0x0000000099c00000| Untracked |  0
| 413|0x0000000099d00000, 0x0000000099d00000, 0x0000000099e00000|  0%| F|  |TAMS 0x0000000099d00000| PB 0x0000000099d00000| Untracked |  0
| 414|0x0000000099e00000, 0x0000000099e00000, 0x0000000099f00000|  0%| F|  |TAMS 0x0000000099e00000| PB 0x0000000099e00000| Untracked |  0
| 415|0x0000000099f00000, 0x0000000099f00000, 0x000000009a000000|  0%| F|  |TAMS 0x0000000099f00000| PB 0x0000000099f00000| Untracked |  0
| 416|0x000000009a000000, 0x000000009a000000, 0x000000009a100000|  0%| F|  |TAMS 0x000000009a000000| PB 0x000000009a000000| Untracked |  0
| 417|0x000000009a100000, 0x000000009a100000, 0x000000009a200000|  0%| F|  |TAMS 0x000000009a100000| PB 0x000000009a100000| Untracked |  0
| 418|0x000000009a200000, 0x000000009a200000, 0x000000009a300000|  0%| F|  |TAMS 0x000000009a200000| PB 0x000000009a200000| Untracked |  0
| 419|0x000000009a300000, 0x000000009a300000, 0x000000009a400000|  0%| F|  |TAMS 0x000000009a300000| PB 0x000000009a300000| Untracked |  0
| 420|0x000000009a400000, 0x000000009a400000, 0x000000009a500000|  0%| F|  |TAMS 0x000000009a400000| PB 0x000000009a400000| Untracked |  0
| 421|0x000000009a500000, 0x000000009a500000, 0x000000009a600000|  0%| F|  |TAMS 0x000000009a500000| PB 0x000000009a500000| Untracked |  0
| 422|0x000000009a600000, 0x000000009a600000, 0x000000009a700000|  0%| F|  |TAMS 0x000000009a600000| PB 0x000000009a600000| Untracked |  0
| 423|0x000000009a700000, 0x000000009a700000, 0x000000009a800000|  0%| F|  |TAMS 0x000000009a700000| PB 0x000000009a700000| Untracked |  0
| 424|0x000000009a800000, 0x000000009a800000, 0x000000009a900000|  0%| F|  |TAMS 0x000000009a800000| PB 0x000000009a800000| Untracked |  0
| 425|0x000000009a900000, 0x000000009a900000, 0x000000009aa00000|  0%| F|  |TAMS 0x000000009a900000| PB 0x000000009a900000| Untracked |  0
| 426|0x000000009aa00000, 0x000000009aa00000, 0x000000009ab00000|  0%| F|  |TAMS 0x000000009aa00000| PB 0x000000009aa00000| Untracked |  0
| 427|0x000000009ab00000, 0x000000009ab00000, 0x000000009ac00000|  0%| F|  |TAMS 0x000000009ab00000| PB 0x000000009ab00000| Untracked |  0
| 428|0x000000009ac00000, 0x000000009ac00000, 0x000000009ad00000|  0%| F|  |TAMS 0x000000009ac00000| PB 0x000000009ac00000| Untracked |  0
| 429|0x000000009ad00000, 0x000000009ad00000, 0x000000009ae00000|  0%| F|  |TAMS 0x000000009ad00000| PB 0x000000009ad00000| Untracked |  0
| 430|0x000000009ae00000, 0x000000009ae00000, 0x000000009af00000|  0%| F|  |TAMS 0x000000009ae00000| PB 0x000000009ae00000| Untracked |  0
| 431|0x000000009af00000, 0x000000009af00000, 0x000000009b000000|  0%| F|  |TAMS 0x000000009af00000| PB 0x000000009af00000| Untracked |  0
| 432|0x000000009b000000, 0x000000009b000000, 0x000000009b100000|  0%| F|  |TAMS 0x000000009b000000| PB 0x000000009b000000| Untracked |  0
| 433|0x000000009b100000, 0x000000009b100000, 0x000000009b200000|  0%| F|  |TAMS 0x000000009b100000| PB 0x000000009b100000| Untracked |  0
| 434|0x000000009b200000, 0x000000009b200000, 0x000000009b300000|  0%| F|  |TAMS 0x000000009b200000| PB 0x000000009b200000| Untracked |  0
| 435|0x000000009b300000, 0x000000009b300000, 0x000000009b400000|  0%| F|  |TAMS 0x000000009b300000| PB 0x000000009b300000| Untracked |  0
| 436|0x000000009b400000, 0x000000009b400000, 0x000000009b500000|  0%| F|  |TAMS 0x000000009b400000| PB 0x000000009b400000| Untracked |  0
| 437|0x000000009b500000, 0x000000009b500000, 0x000000009b600000|  0%| F|  |TAMS 0x000000009b500000| PB 0x000000009b500000| Untracked |  0
| 438|0x000000009b600000, 0x000000009b600000, 0x000000009b700000|  0%| F|  |TAMS 0x000000009b600000| PB 0x000000009b600000| Untracked |  0
| 439|0x000000009b700000, 0x000000009b700000, 0x000000009b800000|  0%| F|  |TAMS 0x000000009b700000| PB 0x000000009b700000| Untracked |  0
| 440|0x000000009b800000, 0x000000009b800000, 0x000000009b900000|  0%| F|  |TAMS 0x000000009b800000| PB 0x000000009b800000| Untracked |  0
| 441|0x000000009b900000, 0x000000009b900000, 0x000000009ba00000|  0%| F|  |TAMS 0x000000009b900000| PB 0x000000009b900000| Untracked |  0
| 442|0x000000009ba00000, 0x000000009ba00000, 0x000000009bb00000|  0%| F|  |TAMS 0x000000009ba00000| PB 0x000000009ba00000| Untracked |  0
| 443|0x000000009bb00000, 0x000000009bb00000, 0x000000009bc00000|  0%| F|  |TAMS 0x000000009bb00000| PB 0x000000009bb00000| Untracked |  0
| 444|0x000000009bc00000, 0x000000009bc00000, 0x000000009bd00000|  0%| F|  |TAMS 0x000000009bc00000| PB 0x000000009bc00000| Untracked |  0
| 445|0x000000009bd00000, 0x000000009bd00000, 0x000000009be00000|  0%| F|  |TAMS 0x000000009bd00000| PB 0x000000009bd00000| Untracked |  0
| 446|0x000000009be00000, 0x000000009be00000, 0x000000009bf00000|  0%| F|  |TAMS 0x000000009be00000| PB 0x000000009be00000| Untracked |  0
| 447|0x000000009bf00000, 0x000000009bf00000, 0x000000009c000000|  0%| F|  |TAMS 0x000000009bf00000| PB 0x000000009bf00000| Untracked |  0
| 448|0x000000009c000000, 0x000000009c000000, 0x000000009c100000|  0%| F|  |TAMS 0x000000009c000000| PB 0x000000009c000000| Untracked |  0
| 449|0x000000009c100000, 0x000000009c100000, 0x000000009c200000|  0%| F|  |TAMS 0x000000009c100000| PB 0x000000009c100000| Untracked |  0
| 450|0x000000009c200000, 0x000000009c200000, 0x000000009c300000|  0%| F|  |TAMS 0x000000009c200000| PB 0x000000009c200000| Untracked |  0
| 451|0x000000009c300000, 0x000000009c300000, 0x000000009c400000|  0%| F|  |TAMS 0x000000009c300000| PB 0x000000009c300000| Untracked |  0
| 452|0x000000009c400000, 0x000000009c400000, 0x000000009c500000|  0%| F|  |TAMS 0x000000009c400000| PB 0x000000009c400000| Untracked |  0
| 453|0x000000009c500000, 0x000000009c500000, 0x000000009c600000|  0%| F|  |TAMS 0x000000009c500000| PB 0x000000009c500000| Untracked |  0
| 454|0x000000009c600000, 0x000000009c600000, 0x000000009c700000|  0%| F|  |TAMS 0x000000009c600000| PB 0x000000009c600000| Untracked |  0
| 455|0x000000009c700000, 0x000000009c700000, 0x000000009c800000|  0%| F|  |TAMS 0x000000009c700000| PB 0x000000009c700000| Untracked |  0
| 456|0x000000009c800000, 0x000000009c800000, 0x000000009c900000|  0%| F|  |TAMS 0x000000009c800000| PB 0x000000009c800000| Untracked |  0
| 457|0x000000009c900000, 0x000000009c900000, 0x000000009ca00000|  0%| F|  |TAMS 0x000000009c900000| PB 0x000000009c900000| Untracked |  0
| 458|0x000000009ca00000, 0x000000009ca00000, 0x000000009cb00000|  0%| F|  |TAMS 0x000000009ca00000| PB 0x000000009ca00000| Untracked |  0
| 459|0x000000009cb00000, 0x000000009cb00000, 0x000000009cc00000|  0%| F|  |TAMS 0x000000009cb00000| PB 0x000000009cb00000| Untracked |  0
| 460|0x000000009cc00000, 0x000000009cc00000, 0x000000009cd00000|  0%| F|  |TAMS 0x000000009cc00000| PB 0x000000009cc00000| Untracked |  0
| 461|0x000000009cd00000, 0x000000009cd00000, 0x000000009ce00000|  0%| F|  |TAMS 0x000000009cd00000| PB 0x000000009cd00000| Untracked |  0
| 462|0x000000009ce00000, 0x000000009ce00000, 0x000000009cf00000|  0%| F|  |TAMS 0x000000009ce00000| PB 0x000000009ce00000| Untracked |  0
| 463|0x000000009cf00000, 0x000000009cf00000, 0x000000009d000000|  0%| F|  |TAMS 0x000000009cf00000| PB 0x000000009cf00000| Untracked |  0
| 464|0x000000009d000000, 0x000000009d000000, 0x000000009d100000|  0%| F|  |TAMS 0x000000009d000000| PB 0x000000009d000000| Untracked |  0
| 465|0x000000009d100000, 0x000000009d100000, 0x000000009d200000|  0%| F|  |TAMS 0x000000009d100000| PB 0x000000009d100000| Untracked |  0
| 466|0x000000009d200000, 0x000000009d200000, 0x000000009d300000|  0%| F|  |TAMS 0x000000009d200000| PB 0x000000009d200000| Untracked |  0
| 467|0x000000009d300000, 0x000000009d300000, 0x000000009d400000|  0%| F|  |TAMS 0x000000009d300000| PB 0x000000009d300000| Untracked |  0
| 468|0x000000009d400000, 0x000000009d400000, 0x000000009d500000|  0%| F|  |TAMS 0x000000009d400000| PB 0x000000009d400000| Untracked |  0
| 469|0x000000009d500000, 0x000000009d500000, 0x000000009d600000|  0%| F|  |TAMS 0x000000009d500000| PB 0x000000009d500000| Untracked |  0
| 470|0x000000009d600000, 0x000000009d600000, 0x000000009d700000|  0%| F|  |TAMS 0x000000009d600000| PB 0x000000009d600000| Untracked |  0
| 471|0x000000009d700000, 0x000000009d700000, 0x000000009d800000|  0%| F|  |TAMS 0x000000009d700000| PB 0x000000009d700000| Untracked |  0
| 472|0x000000009d800000, 0x000000009d800000, 0x000000009d900000|  0%| F|  |TAMS 0x000000009d800000| PB 0x000000009d800000| Untracked |  0
| 473|0x000000009d900000, 0x000000009d900000, 0x000000009da00000|  0%| F|  |TAMS 0x000000009d900000| PB 0x000000009d900000| Untracked |  0
| 474|0x000000009da00000, 0x000000009da00000, 0x000000009db00000|  0%| F|  |TAMS 0x000000009da00000| PB 0x000000009da00000| Untracked |  0
| 475|0x000000009db00000, 0x000000009db00000, 0x000000009dc00000|  0%| F|  |TAMS 0x000000009db00000| PB 0x000000009db00000| Untracked |  0
| 476|0x000000009dc00000, 0x000000009dc00000, 0x000000009dd00000|  0%| F|  |TAMS 0x000000009dc00000| PB 0x000000009dc00000| Untracked |  0
| 477|0x000000009dd00000, 0x000000009dd00000, 0x000000009de00000|  0%| F|  |TAMS 0x000000009dd00000| PB 0x000000009dd00000| Untracked |  0
| 478|0x000000009de00000, 0x000000009de00000, 0x000000009df00000|  0%| F|  |TAMS 0x000000009de00000| PB 0x000000009de00000| Untracked |  0
| 479|0x000000009df00000, 0x000000009df00000, 0x000000009e000000|  0%| F|  |TAMS 0x000000009df00000| PB 0x000000009df00000| Untracked |  0
| 480|0x000000009e000000, 0x000000009e000000, 0x000000009e100000|  0%| F|  |TAMS 0x000000009e000000| PB 0x000000009e000000| Untracked |  0
|2012|0x00000000fdc00000, 0x00000000fdc00000, 0x00000000fdd00000|  0%| F|  |TAMS 0x00000000fdc00000| PB 0x00000000fdc00000| Untracked |  0
|2013|0x00000000fdd00000, 0x00000000fdd00000, 0x00000000fde00000|  0%| F|  |TAMS 0x00000000fdd00000| PB 0x00000000fdd00000| Untracked |  0
|2014|0x00000000fde00000, 0x00000000fdf00000, 0x00000000fdf00000|100%| O|  |TAMS 0x00000000fdf00000| PB 0x00000000fde00000| Untracked |  0
|2015|0x00000000fdf00000, 0x00000000fe000000, 0x00000000fe000000|100%| O|  |TAMS 0x00000000fe000000| PB 0x00000000fdf00000| Untracked |  0
|2016|0x00000000fe000000, 0x00000000fe100000, 0x00000000fe100000|100%| O|  |TAMS 0x00000000fe100000| PB 0x00000000fe000000| Untracked |  0
|2017|0x00000000fe100000, 0x00000000fe200000, 0x00000000fe200000|100%| O|  |TAMS 0x00000000fe200000| PB 0x00000000fe100000| Untracked |  0
|2018|0x00000000fe200000, 0x00000000fe300000, 0x00000000fe300000|100%| O|  |TAMS 0x00000000fe300000| PB 0x00000000fe200000| Untracked |  0
|2019|0x00000000fe300000, 0x00000000fe400000, 0x00000000fe400000|100%| O|  |TAMS 0x00000000fe400000| PB 0x00000000fe300000| Untracked |  0
|2020|0x00000000fe400000, 0x00000000fe500000, 0x00000000fe500000|100%| O|  |TAMS 0x00000000fe500000| PB 0x00000000fe400000| Untracked |  0
|2021|0x00000000fe500000, 0x00000000fe600000, 0x00000000fe600000|100%| O|  |TAMS 0x00000000fe600000| PB 0x00000000fe500000| Untracked |  0
|2022|0x00000000fe600000, 0x00000000fe700000, 0x00000000fe700000|100%| O|  |TAMS 0x00000000fe700000| PB 0x00000000fe600000| Untracked |  0
|2023|0x00000000fe700000, 0x00000000fe800000, 0x00000000fe800000|100%| O|  |TAMS 0x00000000fe800000| PB 0x00000000fe700000| Untracked |  0
|2024|0x00000000fe800000, 0x00000000fe900000, 0x00000000fe900000|100%| O|  |TAMS 0x00000000fe900000| PB 0x00000000fe800000| Untracked |  0
|2025|0x00000000fe900000, 0x00000000fea00000, 0x00000000fea00000|100%| O|  |TAMS 0x00000000fea00000| PB 0x00000000fe900000| Untracked |  0
|2026|0x00000000fea00000, 0x00000000feb00000, 0x00000000feb00000|100%| O|  |TAMS 0x00000000feb00000| PB 0x00000000fea00000| Untracked |  0
|2027|0x00000000feb00000, 0x00000000fec00000, 0x00000000fec00000|100%| O|  |TAMS 0x00000000fec00000| PB 0x00000000feb00000| Untracked |  0
|2028|0x00000000fec00000, 0x00000000fed00000, 0x00000000fed00000|100%| O|  |TAMS 0x00000000fed00000| PB 0x00000000fec00000| Untracked |  0
|2029|0x00000000fed00000, 0x00000000fee00000, 0x00000000fee00000|100%| O|  |TAMS 0x00000000fee00000| PB 0x00000000fed00000| Untracked |  0
|2030|0x00000000fee00000, 0x00000000fef00000, 0x00000000fef00000|100%| O|  |TAMS 0x00000000fef00000| PB 0x00000000fee00000| Untracked |  0
|2031|0x00000000fef00000, 0x00000000ff000000, 0x00000000ff000000|100%| O|  |TAMS 0x00000000ff000000| PB 0x00000000fef00000| Untracked |  0
|2032|0x00000000ff000000, 0x00000000ff100000, 0x00000000ff100000|100%| O|  |TAMS 0x00000000ff100000| PB 0x00000000ff000000| Untracked |  0
|2033|0x00000000ff100000, 0x00000000ff200000, 0x00000000ff200000|100%| O|  |TAMS 0x00000000ff200000| PB 0x00000000ff100000| Untracked |  0
|2034|0x00000000ff200000, 0x00000000ff300000, 0x00000000ff300000|100%| O|  |TAMS 0x00000000ff300000| PB 0x00000000ff200000| Untracked |  0
|2035|0x00000000ff300000, 0x00000000ff400000, 0x00000000ff400000|100%| O|  |TAMS 0x00000000ff400000| PB 0x00000000ff300000| Untracked |  0
|2036|0x00000000ff400000, 0x00000000ff500000, 0x00000000ff500000|100%| O|  |TAMS 0x00000000ff500000| PB 0x00000000ff400000| Untracked |  0
|2037|0x00000000ff500000, 0x00000000ff600000, 0x00000000ff600000|100%| O|  |TAMS 0x00000000ff600000| PB 0x00000000ff500000| Untracked |  0
|2038|0x00000000ff600000, 0x00000000ff700000, 0x00000000ff700000|100%| O|  |TAMS 0x00000000ff700000| PB 0x00000000ff600000| Untracked |  0
|2039|0x00000000ff700000, 0x00000000ff800000, 0x00000000ff800000|100%| O|  |TAMS 0x00000000ff800000| PB 0x00000000ff700000| Untracked |  0
|2040|0x00000000ff800000, 0x00000000ff900000, 0x00000000ff900000|100%| O|  |TAMS 0x00000000ff900000| PB 0x00000000ff800000| Untracked |  0
|2041|0x00000000ff900000, 0x00000000ffa00000, 0x00000000ffa00000|100%| O|  |TAMS 0x00000000ffa00000| PB 0x00000000ff900000| Untracked |  0
|2042|0x00000000ffa00000, 0x00000000ffb00000, 0x00000000ffb00000|100%| O|  |TAMS 0x00000000ffb00000| PB 0x00000000ffa00000| Untracked |  0
|2043|0x00000000ffb00000, 0x00000000ffc00000, 0x00000000ffc00000|100%| O|  |TAMS 0x00000000ffc00000| PB 0x00000000ffb00000| Untracked |  0
|2044|0x00000000ffc00000, 0x00000000ffd00000, 0x00000000ffd00000|100%| O|  |TAMS 0x00000000ffd00000| PB 0x00000000ffc00000| Untracked |  0
|2045|0x00000000ffd00000, 0x00000000ffe00000, 0x00000000ffe00000|100%| O|  |TAMS 0x00000000ffe00000| PB 0x00000000ffd00000| Untracked |  0
|2046|0x00000000ffe00000, 0x00000000fff00000, 0x00000000fff00000|100%| O|  |TAMS 0x00000000fff00000| PB 0x00000000ffe00000| Untracked |  0
|2047|0x00000000fff00000, 0x00000000fff00000, 0x0000000100000000|  0%| F|  |TAMS 0x00000000fff00000| PB 0x00000000fff00000| Untracked |  0

Card table byte_map: [0x000002cef54d0000,0x000002cef58d0000] _byte_map_base: 0x000002cef50d0000

Marking Bits: (CMBitMap*) 0x000002cedd201c70
 Bits: [0x000002cef58d0000, 0x000002cef78d0000)

Polling page: 0x000002cedaf80000

Metaspace:
Metaspace        used 214630K, committed 217216K, reserved 1245184K
 class space     used 28629K, committed 29888K, reserved 1048576K

Usage:
  Non-class:    181.64 MB used.
      Class:     27.96 MB used.
       Both:    209.60 MB used.

Virtual space:
  Non-class space:      192.00 MB reserved,     182.94 MB ( 95%) committed,  3 nodes.
      Class space:        1.00 GB reserved,      29.19 MB (  3%) committed,  1 nodes.
             Both:        1.19 GB reserved,     212.12 MB ( 17%) committed. 

Chunk freelists:
   Non-Class:  9.08 MB
       Class:  2.86 MB
        Both:  11.94 MB

MaxMetaspaceSize: unlimited
CompressedClassSpaceSize: 1.00 GB
Initial GC threshold: 21.00 MB
Current GC threshold: 353.12 MB
CDS: on
 - commit_granule_bytes: 65536.
 - commit_granule_words: 8192.
 - virtual_space_node_default_size: 8388608.
 - enlarge_chunks_in_place: 1.
UseCompressedClassPointers 1, UseCompactObjectHeaders 0
Narrow klass pointer bits 32, Max shift 3
Narrow klass base: 0x0000000035000000, Narrow klass shift: 0
Encoding Range: [0x0000000035000000 - 0x0000000135000000), (4294967296 bytes)
Klass Range:    [0x0000000035010000 - 0x0000000076000000), (1090453504 bytes)
Klass ID Range:  [65536 - 1090519033) (1090453497)
Protection zone: [0x0000000035000000 - 0x0000000035010000), (65536 bytes)


Internal statistics:

num_allocs_failed_limit: 12.
num_arena_births: 4742.
num_arena_deaths: 20.
num_vsnodes_births: 4.
num_vsnodes_deaths: 0.
num_space_committed: 3392.
num_space_uncommitted: 0.
num_chunks_returned_to_freelist: 35.
num_chunks_taken_from_freelist: 13191.
num_chunk_merges: 17.
num_chunk_splits: 9458.
num_chunks_enlarged: 7014.
num_inconsistent_stats: 0.

CodeHeap 'non-profiled nmethods': size=120064Kb used=14647Kb max_used=16329Kb free=105416Kb
 bounds [0x000002ceed750000, 0x000002ceee7b0000, 0x000002cef4c90000]
CodeHeap 'profiled nmethods': size=120000Kb used=43331Kb max_used=48262Kb free=76669Kb
 bounds [0x000002cee5c90000, 0x000002cee8bc0000, 0x000002ceed1c0000]
CodeHeap 'non-nmethods': size=5696Kb used=2474Kb max_used=2795Kb free=3221Kb
 bounds [0x000002ceed1c0000, 0x000002ceed4b0000, 0x000002ceed750000]
CodeCache: size=245760Kb, used=60452Kb, max_used=67386Kb, free=185306Kb
 total_blobs=26321, nmethods=25032, adapters=1188, full_count=0
Compilation: enabled, stopped_count=0, restarted_count=0

Compilation events (20 events):
Event: 280.476 Thread 0x000002cefa2f02a0 39714       2       com.android.ide.common.blame.SourceFile::equals (55 bytes)
Event: 280.477 Thread 0x000002cefa2f02a0 nmethod 39714 0x000002cee7553308 code [0x000002cee7553400, 0x000002cee7553748]
Event: 280.477 Thread 0x000002cefa2f02a0 39712       2       com.android.tools.r8.graph.d2::a (15 bytes)
Event: 280.477 Thread 0x000002cefa2f02a0 nmethod 39712 0x000002cee742af88 code [0x000002cee742b080, 0x000002cee742b2a0]
Event: 280.477 Thread 0x000002cefa2f02a0 39724       1       com.android.tools.r8.internal.yf0::o (2 bytes)
Event: 280.477 Thread 0x000002cefa2f02a0 nmethod 39724 0x000002ceeda4f488 code [0x000002ceeda4f580, 0x000002ceeda4f648]
Event: 280.477 Thread 0x000002cefa2f02a0 39725       1       com.android.tools.r8.internal.fd0::o (3 bytes)
Event: 280.478 Thread 0x000002cefa2f02a0 nmethod 39725 0x000002ceeda55008 code [0x000002ceeda55100, 0x000002ceeda551c8]
Event: 280.482 Thread 0x000002cefa2f02a0 39731       2       com.android.tools.r8.internal.m92::a (8 bytes)
Event: 280.483 Thread 0x000002cefa2f02a0 nmethod 39731 0x000002cee76dc388 code [0x000002cee76dc480, 0x000002cee76dc590]
Event: 280.485 Thread 0x000002cefa2f02a0 39733       3       com.android.utils.XmlUtils::toXmlTextValue (65 bytes)
Event: 280.487 Thread 0x000002cefa2f02a0 nmethod 39733 0x000002cee6dd0f88 code [0x000002cee6dd1080, 0x000002cee6dd2210]
Event: 280.489 Thread 0x000002cefa2f02a0 39734       3       com.android.utils.XmlUtils::getSourceFilePosition (33 bytes)
Event: 280.490 Thread 0x000002cefa2f02a0 nmethod 39734 0x000002cee726be08 code [0x000002cee726bf00, 0x000002cee726c540]
Event: 280.490 Thread 0x000002cefa2f02a0 39736       3       com.google.common.base.CharMatcher::countIn (39 bytes)
Event: 280.491 Thread 0x000002cefa2f02a0 nmethod 39736 0x000002cee74d4208 code [0x000002cee74d4300, 0x000002cee74d4758]
Event: 280.491 Thread 0x000002cefa2f02a0 39735       3       com.android.ide.common.blame.SourceFilePosition::equals (55 bytes)
Event: 280.491 Thread 0x000002cefa2f02a0 nmethod 39735 0x000002cee73ea388 code [0x000002cee73ea480, 0x000002cee73eaae8]
Event: 280.492 Thread 0x000002cefa2f02a0 39737       3       com.android.tools.r8.internal.kd::a (849 bytes)
Event: 280.505 Thread 0x000002cefa2f02a0 nmethod 39737 0x000002cee7103c88 code [0x000002cee7103d80, 0x000002cee710a908]

GC Heap Usage History (20 events):
Event: 261.464 {heap After GC invocations=162 (full 0):
 garbage-first heap   total reserved 2097152K, committed 450560K, used 221184K [0x0000000080000000, 0x0000000100000000)
  region size 1024K, 5 young (5120K), 5 survivors (5120K)
}
Event: 265.050 {heap Before GC invocations=162 (full 0):
 garbage-first heap   total reserved 2097152K, committed 450560K, used 399360K [0x0000000080000000, 0x0000000100000000)
  region size 1024K, 180 young (184320K), 5 survivors (5120K)
}
Event: 265.072 {heap After GC invocations=163 (full 0):
 garbage-first heap   total reserved 2097152K, committed 450560K, used 222319K [0x0000000080000000, 0x0000000100000000)
  region size 1024K, 6 young (6144K), 6 survivors (6144K)
}
Event: 269.469 {heap Before GC invocations=164 (full 0):
 garbage-first heap   total reserved 2097152K, committed 450560K, used 406639K [0x0000000080000000, 0x0000000100000000)
  region size 1024K, 187 young (191488K), 6 survivors (6144K)
}
Event: 269.490 {heap After GC invocations=165 (full 0):
 garbage-first heap   total reserved 2097152K, committed 450560K, used 224187K [0x0000000080000000, 0x0000000100000000)
  region size 1024K, 8 young (8192K), 8 survivors (8192K)
}
Event: 271.248 {heap Before GC invocations=165 (full 0):
 garbage-first heap   total reserved 2097152K, committed 450560K, used 413627K [0x0000000080000000, 0x0000000100000000)
  region size 1024K, 194 young (198656K), 8 survivors (8192K)
}
Event: 271.274 {heap After GC invocations=166 (full 0):
 garbage-first heap   total reserved 2097152K, committed 450560K, used 222866K [0x0000000080000000, 0x0000000100000000)
  region size 1024K, 11 young (11264K), 11 survivors (11264K)
}
Event: 272.235 {heap Before GC invocations=166 (full 0):
 garbage-first heap   total reserved 2097152K, committed 450560K, used 417426K [0x0000000080000000, 0x0000000100000000)
  region size 1024K, 202 young (206848K), 11 survivors (11264K)
}
Event: 272.252 {heap After GC invocations=167 (full 0):
 garbage-first heap   total reserved 2097152K, committed 450560K, used 225560K [0x0000000080000000, 0x0000000100000000)
  region size 1024K, 13 young (13312K), 13 survivors (13312K)
}
Event: 273.792 {heap Before GC invocations=168 (full 0):
 garbage-first heap   total reserved 2097152K, committed 450560K, used 421144K [0x0000000080000000, 0x0000000100000000)
  region size 1024K, 205 young (209920K), 13 survivors (13312K)
}
Event: 273.816 {heap After GC invocations=169 (full 0):
 garbage-first heap   total reserved 2097152K, committed 450560K, used 228688K [0x0000000080000000, 0x0000000100000000)
  region size 1024K, 16 young (16384K), 16 survivors (16384K)
}
Event: 274.976 {heap Before GC invocations=169 (full 0):
 garbage-first heap   total reserved 2097152K, committed 450560K, used 434512K [0x0000000080000000, 0x0000000100000000)
  region size 1024K, 209 young (214016K), 16 survivors (16384K)
}
Event: 275.010 {heap After GC invocations=170 (full 0):
 garbage-first heap   total reserved 2097152K, committed 465920K, used 237871K [0x0000000080000000, 0x0000000100000000)
  region size 1024K, 22 young (22528K), 22 survivors (22528K)
}
Event: 276.334 {heap Before GC invocations=170 (full 0):
 garbage-first heap   total reserved 2097152K, committed 465920K, used 435503K [0x0000000080000000, 0x0000000100000000)
  region size 1024K, 216 young (221184K), 22 survivors (22528K)
}
Event: 276.365 {heap After GC invocations=171 (full 0):
 garbage-first heap   total reserved 2097152K, committed 465920K, used 243520K [0x0000000080000000, 0x0000000100000000)
  region size 1024K, 18 young (18432K), 18 survivors (18432K)
}
Event: 278.705 {heap Before GC invocations=172 (full 0):
 garbage-first heap   total reserved 2097152K, committed 465920K, used 439104K [0x0000000080000000, 0x0000000100000000)
  region size 1024K, 208 young (212992K), 18 survivors (18432K)
}
Event: 278.722 {heap After GC invocations=173 (full 0):
 garbage-first heap   total reserved 2097152K, committed 465920K, used 246611K [0x0000000080000000, 0x0000000100000000)
  region size 1024K, 10 young (10240K), 10 survivors (10240K)
}
Event: 279.705 {heap Before GC invocations=173 (full 0):
 garbage-first heap   total reserved 2097152K, committed 465920K, used 440147K [0x0000000080000000, 0x0000000100000000)
  region size 1024K, 200 young (204800K), 10 survivors (10240K)
}
Event: 279.728 {heap After GC invocations=174 (full 0):
 garbage-first heap   total reserved 2097152K, committed 465920K, used 248583K [0x0000000080000000, 0x0000000100000000)
  region size 1024K, 15 young (15360K), 15 survivors (15360K)
}
Event: 280.536 {heap Before GC invocations=174 (full 0):
 garbage-first heap   total reserved 2097152K, committed 465920K, used 388871K [0x0000000080000000, 0x0000000100000000)
  region size 1024K, 154 young (157696K), 15 survivors (15360K)
}

Metaspace Usage History (20 events):
Event: 261.464 {metaspace After GC invocations=162 (full 0):
 Metaspace       used 209597K, committed 212224K, reserved 1245184K
  class space    used 27994K, committed 29248K, reserved 1048576K
}
Event: 265.050 {metaspace Before GC invocations=162 (full 0):
 Metaspace       used 210467K, committed 213056K, reserved 1245184K
  class space    used 28090K, committed 29312K, reserved 1048576K
}
Event: 265.072 {metaspace After GC invocations=163 (full 0):
 Metaspace       used 210467K, committed 213056K, reserved 1245184K
  class space    used 28090K, committed 29312K, reserved 1048576K
}
Event: 269.469 {metaspace Before GC invocations=164 (full 0):
 Metaspace       used 213134K, committed 215744K, reserved 1245184K
  class space    used 28457K, committed 29696K, reserved 1048576K
}
Event: 269.490 {metaspace After GC invocations=165 (full 0):
 Metaspace       used 213134K, committed 215744K, reserved 1245184K
  class space    used 28457K, committed 29696K, reserved 1048576K
}
Event: 271.248 {metaspace Before GC invocations=165 (full 0):
 Metaspace       used 213510K, committed 216192K, reserved 1245184K
  class space    used 28496K, committed 29760K, reserved 1048576K
}
Event: 271.274 {metaspace After GC invocations=166 (full 0):
 Metaspace       used 213510K, committed 216192K, reserved 1245184K
  class space    used 28496K, committed 29760K, reserved 1048576K
}
Event: 272.235 {metaspace Before GC invocations=166 (full 0):
 Metaspace       used 213549K, committed 216192K, reserved 1245184K
  class space    used 28497K, committed 29760K, reserved 1048576K
}
Event: 272.252 {metaspace After GC invocations=167 (full 0):
 Metaspace       used 213549K, committed 216192K, reserved 1245184K
  class space    used 28497K, committed 29760K, reserved 1048576K
}
Event: 273.792 {metaspace Before GC invocations=168 (full 0):
 Metaspace       used 213724K, committed 216320K, reserved 1245184K
  class space    used 28525K, committed 29760K, reserved 1048576K
}
Event: 273.816 {metaspace After GC invocations=169 (full 0):
 Metaspace       used 213724K, committed 216320K, reserved 1245184K
  class space    used 28525K, committed 29760K, reserved 1048576K
}
Event: 274.976 {metaspace Before GC invocations=169 (full 0):
 Metaspace       used 214240K, committed 216832K, reserved 1245184K
  class space    used 28605K, committed 29824K, reserved 1048576K
}
Event: 275.010 {metaspace After GC invocations=170 (full 0):
 Metaspace       used 214240K, committed 216832K, reserved 1245184K
  class space    used 28605K, committed 29824K, reserved 1048576K
}
Event: 276.334 {metaspace Before GC invocations=170 (full 0):
 Metaspace       used 214350K, committed 216960K, reserved 1245184K
  class space    used 28616K, committed 29824K, reserved 1048576K
}
Event: 276.365 {metaspace After GC invocations=171 (full 0):
 Metaspace       used 214350K, committed 216960K, reserved 1245184K
  class space    used 28616K, committed 29824K, reserved 1048576K
}
Event: 278.705 {metaspace Before GC invocations=172 (full 0):
 Metaspace       used 214431K, committed 217088K, reserved 1245184K
  class space    used 28617K, committed 29888K, reserved 1048576K
}
Event: 278.722 {metaspace After GC invocations=173 (full 0):
 Metaspace       used 214431K, committed 217088K, reserved 1245184K
  class space    used 28617K, committed 29888K, reserved 1048576K
}
Event: 279.705 {metaspace Before GC invocations=173 (full 0):
 Metaspace       used 214504K, committed 217152K, reserved 1245184K
  class space    used 28624K, committed 29888K, reserved 1048576K
}
Event: 279.728 {metaspace After GC invocations=174 (full 0):
 Metaspace       used 214504K, committed 217152K, reserved 1245184K
  class space    used 28624K, committed 29888K, reserved 1048576K
}
Event: 280.536 {metaspace Before GC invocations=174 (full 0):
 Metaspace       used 214630K, committed 217216K, reserved 1245184K
  class space    used 28629K, committed 29888K, reserved 1048576K
}

Dll operation events (14 events):
Event: 0.013 Loaded shared library C:\Program Files\Eclipse Adoptium\jdk-25.0.2.10-hotspot\bin\java.dll
Event: 0.067 Loaded shared library C:\Program Files\Eclipse Adoptium\jdk-25.0.2.10-hotspot\bin\zip.dll
Event: 0.072 Loaded shared library C:\Program Files\Eclipse Adoptium\jdk-25.0.2.10-hotspot\bin\instrument.dll
Event: 0.076 Loaded shared library C:\Program Files\Eclipse Adoptium\jdk-25.0.2.10-hotspot\bin\net.dll
Event: 0.079 Loaded shared library C:\Program Files\Eclipse Adoptium\jdk-25.0.2.10-hotspot\bin\nio.dll
Event: 0.081 Loaded shared library C:\Program Files\Eclipse Adoptium\jdk-25.0.2.10-hotspot\bin\zip.dll
Event: 0.549 Loaded shared library C:\Program Files\Eclipse Adoptium\jdk-25.0.2.10-hotspot\bin\jimage.dll
Event: 1.326 Loaded shared library C:\Program Files\Eclipse Adoptium\jdk-25.0.2.10-hotspot\bin\verify.dll
Event: 1.360 Loaded shared library C:\Users\ANJALI\AppData\Local\Temp\cursor-sandbox-cache\ae150007fce387d2df9383d951c55ca9\gradle\native\660c5614fbf4a5f2a75b1949f50a0caf5cd603558e7d8a26e50b933a0cfb79d1\windows-amd64\native-platform.dll
Event: 1.432 Loaded shared library C:\Users\ANJALI\AppData\Local\Temp\cursor-sandbox-cache\ae150007fce387d2df9383d951c55ca9\gradle\native\0.2.8\x86_64-windows-gnu\gradle-fileevents.dll
Event: 3.841 Loaded shared library C:\Program Files\Eclipse Adoptium\jdk-25.0.2.10-hotspot\bin\management.dll
Event: 3.846 Loaded shared library C:\Program Files\Eclipse Adoptium\jdk-25.0.2.10-hotspot\bin\management_ext.dll
Event: 4.236 Loaded shared library C:\Program Files\Eclipse Adoptium\jdk-25.0.2.10-hotspot\bin\extnet.dll
Event: 4.634 Loaded shared library C:\Program Files\Eclipse Adoptium\jdk-25.0.2.10-hotspot\bin\sunmscapi.dll

Deoptimization events (20 events):
Event: 280.372 Thread 0x000002ce83f79900 DEOPT PACKING pc=0x000002cee84421b3 sp=0x000000da054f9b60
Event: 280.372 Thread 0x000002ce83f79900 DEOPT UNPACKING pc=0x000002ceed211702 sp=0x000000da054f9200 mode 0
Event: 280.388 Thread 0x000002cefa60ed80 DEOPT PACKING pc=0x000002cee8b2274c sp=0x000000da051f9c80
Event: 280.388 Thread 0x000002cefa60ed80 DEOPT UNPACKING pc=0x000002ceed211702 sp=0x000000da051f94b8 mode 0
Event: 280.422 Thread 0x000002cefa60fd20 DEOPT PACKING pc=0x000002cee682e8b3 sp=0x000000da04ef9c10
Event: 280.422 Thread 0x000002cefa60fd20 DEOPT UNPACKING pc=0x000002ceed211702 sp=0x000000da04ef9198 mode 0
Event: 280.448 Thread 0x000002cefa612430 DEOPT PACKING pc=0x000002cee62d288c sp=0x000000da050fa5d0
Event: 280.448 Thread 0x000002cefa612430 DEOPT UNPACKING pc=0x000002ceed211702 sp=0x000000da050f9ae8 mode 0
Event: 280.464 Thread 0x000002cefa611490 DEOPT PACKING pc=0x000002cee8b2238d sp=0x000000da04df9670
Event: 280.464 Thread 0x000002cefa611490 DEOPT UNPACKING pc=0x000002ceed211702 sp=0x000000da04df8ea8 mode 0
Event: 280.483 Thread 0x000002ce83f79900 DEOPT PACKING pc=0x000002cee869001d sp=0x000000da054f8f00
Event: 280.483 Thread 0x000002ce83f79900 DEOPT UNPACKING pc=0x000002ceed211702 sp=0x000000da054f8608 mode 0
Event: 280.484 Thread 0x000002cefa611490 Uncommon trap: trap_request=0xffffff45 fr.pc=0x000002ceee6dfdb8 relative=0x0000000000002438
Event: 280.484 Thread 0x000002cefa611490 Uncommon trap: reason=unstable_if action=reinterpret pc=0x000002ceee6dfdb8 method=com.android.tools.r8.internal.kd.a(Lcom/android/tools/r8/internal/z04;Lcom/android/tools/r8/internal/ir2;Lcom/android/tools/r8/internal/e51;Lcom/android/tools/r8/internal/e5
Event: 280.484 Thread 0x000002cefa611490 DEOPT PACKING pc=0x000002ceee6dfdb8 sp=0x000000da04df90a0
Event: 280.484 Thread 0x000002cefa611490 DEOPT UNPACKING pc=0x000002ceed2e1402 sp=0x000000da04df9090 mode 2
Event: 280.484 Thread 0x000002ce83f79900 DEOPT PACKING pc=0x000002cee858d255 sp=0x000000da054f8ed0
Event: 280.485 Thread 0x000002ce841f60b0 DEOPT PACKING pc=0x000002cee746ac5c sp=0x000000da09dfa150
Event: 280.485 Thread 0x000002ce841f60b0 DEOPT UNPACKING pc=0x000002ceed211702 sp=0x000000da09df9650 mode 0
Event: 280.485 Thread 0x000002ce83f79900 DEOPT UNPACKING pc=0x000002ceed211702 sp=0x000000da054f85f8 mode 0

Classes loaded (20 events):
Event: 268.254 Loading class java/util/stream/Streams$1
Event: 268.257 Loading class java/util/stream/Streams$1 done
Event: 268.372 Loading class java/nio/file/FileChannelLinesSpliterator$1
Event: 268.373 Loading class java/nio/file/FileChannelLinesSpliterator$1 done
Event: 268.684 Loading class java/nio/ShortBuffer
Event: 268.687 Loading class java/nio/ShortBuffer done
Event: 268.789 Loading class java/net/HttpURLConnection
Event: 268.791 Loading class java/net/HttpURLConnection done
Event: 268.885 Loading class java/nio/ByteBufferAsShortBufferL
Event: 268.886 Loading class java/nio/ByteBufferAsShortBufferL done
Event: 268.975 Loading class java/util/zip/Adler32
Event: 268.976 Loading class java/util/zip/Adler32 done
Event: 270.607 Loading class java/io/BufferedReader$1
Event: 270.609 Loading class java/io/BufferedReader$1 done
Event: 274.472 Loading class java/util/zip/ZipOutputStream
Event: 274.474 Loading class java/util/zip/ZipOutputStream done
Event: 274.482 Loading class java/util/zip/ZipOutputStream$XEntry
Event: 274.483 Loading class java/util/zip/ZipOutputStream$XEntry done
Event: 280.183 Loading class com/sun/org/apache/xerces/internal/dom/DeferredDOMImplementationImpl
Event: 280.185 Loading class com/sun/org/apache/xerces/internal/dom/DeferredDOMImplementationImpl done

Classes unloaded (10 events):
Event: 265.789 Thread 0x000002cefa2c5d30 Unloading class 0x0000000037be8000 'java/lang/invoke/LambdaForm$DMH+0x0000000037be8000'
Event: 265.789 Thread 0x000002cefa2c5d30 Unloading class 0x0000000037be8400 'java/lang/invoke/LambdaForm$DMH+0x0000000037be8400'
Event: 265.789 Thread 0x000002cefa2c5d30 Unloading class 0x0000000037be0400 'java/lang/invoke/LambdaForm$DMH+0x0000000037be0400'
Event: 265.789 Thread 0x000002cefa2c5d30 Unloading class 0x0000000037bac400 'java/lang/invoke/LambdaForm$DMH+0x0000000037bac400'
Event: 265.789 Thread 0x000002cefa2c5d30 Unloading class 0x00000000379c9400 'java/lang/invoke/LambdaForm$MH+0x00000000379c9400'
Event: 265.789 Thread 0x000002cefa2c5d30 Unloading class 0x00000000379c9000 'java/lang/invoke/LambdaForm$MH+0x00000000379c9000'
Event: 265.789 Thread 0x000002cefa2c5d30 Unloading class 0x00000000379c8c00 'java/lang/invoke/LambdaForm$MH+0x00000000379c8c00'
Event: 265.789 Thread 0x000002cefa2c5d30 Unloading class 0x00000000379c8400 'java/lang/invoke/LambdaForm$MH+0x00000000379c8400'
Event: 265.789 Thread 0x000002cefa2c5d30 Unloading class 0x00000000379c8000 'java/lang/invoke/LambdaForm$MH+0x00000000379c8000'
Event: 276.736 Thread 0x000002cefa2c5d30 Unloading class 0x0000000037c48000 'java/lang/invoke/LambdaForm$DMH+0x0000000037c48000'

Classes redefined (0 events):
No events

Internal exceptions (20 events):
Event: 280.193 Thread 0x000002ce841f4170 Exception <a 'sun/nio/fs/WindowsException'{0x000000009511ea78}> (0x000000009511ea78) 
thrown [s\src\hotspot\share\prims\jni.cpp, line 516]
Event: 280.198 Thread 0x000002ce841f4170 Exception <a 'java/io/IOException'{0x0000000095123cc8}> (0x0000000095123cc8) 
thrown [s\src\hotspot\share\prims\jni.cpp, line 516]
Event: 280.200 Thread 0x000002ce841f4170 Exception <a 'java/io/FileNotFoundException'{0x0000000095127ad8}> (0x0000000095127ad8) 
thrown [s\src\hotspot\share\prims\jni.cpp, line 516]
Event: 280.205 Thread 0x000002ce841f4170 Exception <a 'sun/nio/fs/WindowsException'{0x00000000951345c8}> (0x00000000951345c8) 
thrown [s\src\hotspot\share\prims\jni.cpp, line 516]
Event: 280.205 Thread 0x000002ce841f4170 Exception <a 'sun/nio/fs/WindowsException'{0x0000000095134810}> (0x0000000095134810) 
thrown [s\src\hotspot\share\prims\jni.cpp, line 516]
Event: 280.220 Thread 0x000002ce841f4170 Exception <a 'sun/nio/fs/WindowsException'{0x0000000094ba53f0}> (0x0000000094ba53f0) 
thrown [s\src\hotspot\share\prims\jni.cpp, line 516]
Event: 280.222 Thread 0x000002ce841f4170 Exception <a 'java/io/IOException'{0x0000000094baa648}> (0x0000000094baa648) 
thrown [s\src\hotspot\share\prims\jni.cpp, line 516]
Event: 280.274 Thread 0x000002ce841f4170 Exception <a 'java/io/FileNotFoundException'{0x0000000094bae458}> (0x0000000094bae458) 
thrown [s\src\hotspot\share\prims\jni.cpp, line 516]
Event: 280.307 Thread 0x000002ce841f4170 Exception <a 'sun/nio/fs/WindowsException'{0x0000000093d6d3d8}> (0x0000000093d6d3d8) 
thrown [s\src\hotspot\share\prims\jni.cpp, line 516]
Event: 280.310 Thread 0x000002ce841f4170 Exception <a 'java/io/IOException'{0x0000000093d72638}> (0x0000000093d72638) 
thrown [s\src\hotspot\share\prims\jni.cpp, line 516]
Event: 280.316 Thread 0x000002ce841f4170 Exception <a 'java/io/FileNotFoundException'{0x0000000093d76448}> (0x0000000093d76448) 
thrown [s\src\hotspot\share\prims\jni.cpp, line 516]
Event: 280.397 Thread 0x000002ce841f4170 Exception <a 'sun/nio/fs/WindowsException'{0x0000000093a680d0}> (0x0000000093a680d0) 
thrown [s\src\hotspot\share\prims\jni.cpp, line 516]
Event: 280.400 Thread 0x000002ce841f4170 Exception <a 'java/io/IOException'{0x0000000093a6d338}> (0x0000000093a6d338) 
thrown [s\src\hotspot\share\prims\jni.cpp, line 516]
Event: 280.404 Thread 0x000002ce841f4170 Exception <a 'java/io/FileNotFoundException'{0x0000000093a71148}> (0x0000000093a71148) 
thrown [s\src\hotspot\share\prims\jni.cpp, line 516]
Event: 280.416 Thread 0x000002ce841f4170 Exception <a 'sun/nio/fs/WindowsException'{0x0000000093a7d998}> (0x0000000093a7d998) 
thrown [s\src\hotspot\share\prims\jni.cpp, line 516]
Event: 280.416 Thread 0x000002ce841f4170 Exception <a 'sun/nio/fs/WindowsException'{0x0000000093a7dbd0}> (0x0000000093a7dbd0) 
thrown [s\src\hotspot\share\prims\jni.cpp, line 516]
Event: 280.476 Thread 0x000002cefa612430 Exception <a 'sun/nio/fs/WindowsException'{0x00000000927db9b8}> (0x00000000927db9b8) 
thrown [s\src\hotspot\share\prims\jni.cpp, line 516]
Event: 280.508 Thread 0x000002cefa612430 Exception <a 'sun/nio/fs/WindowsException'{0x00000000927f51e0}> (0x00000000927f51e0) 
thrown [s\src\hotspot\share\prims\jni.cpp, line 516]
Event: 280.513 Thread 0x000002cefa612430 Exception <a 'java/io/IOException'{0x00000000927f9c48}> (0x00000000927f9c48) 
thrown [s\src\hotspot\share\prims\jni.cpp, line 516]
Event: 280.516 Thread 0x000002cefa612430 Exception <a 'java/io/FileNotFoundException'{0x00000000927fd248}> (0x00000000927fd248) 
thrown [s\src\hotspot\share\prims\jni.cpp, line 516]

VM Operations (20 events):
Event: 273.967 Executing non-safepoint VM operation: HandshakeAllThreads (Deoptimize) done
Event: 274.045 Executing non-safepoint VM operation: HandshakeAllThreads (Deoptimize)
Event: 274.055 Executing non-safepoint VM operation: HandshakeAllThreads (Deoptimize) done
Event: 274.975 Executing safepoint VM operation: G1CollectForAllocation (G1 Evacuation Pause)
Event: 275.010 Executing safepoint VM operation: G1CollectForAllocation (G1 Evacuation Pause) done
Event: 276.325 Executing safepoint VM operation: G1CollectForAllocation (G1 Evacuation Pause)
Event: 276.365 Executing safepoint VM operation: G1CollectForAllocation (G1 Evacuation Pause) done
Event: 276.735 Executing safepoint VM operation: G1PauseRemark
Event: 277.542 Executing safepoint VM operation: G1PauseRemark done
Event: 277.633 Executing safepoint VM operation: G1PauseCleanup
Event: 278.151 Executing safepoint VM operation: G1PauseCleanup done
Event: 278.701 Executing safepoint VM operation: G1CollectForAllocation (G1 Evacuation Pause)
Event: 278.723 Executing safepoint VM operation: G1CollectForAllocation (G1 Evacuation Pause) done
Event: 278.774 Executing non-safepoint VM operation: HandshakeAllThreads (Deoptimize)
Event: 278.788 Executing non-safepoint VM operation: HandshakeAllThreads (Deoptimize) done
Event: 279.702 Executing safepoint VM operation: G1CollectForAllocation (G1 Evacuation Pause)
Event: 279.728 Executing safepoint VM operation: G1CollectForAllocation (G1 Evacuation Pause) done
Event: 280.174 Executing non-safepoint VM operation: HandshakeAllThreads (Deoptimize)
Event: 280.176 Executing non-safepoint VM operation: HandshakeAllThreads (Deoptimize) done
Event: 280.535 Executing safepoint VM operation: G1TryInitiateConcMark (G1 Humongous Allocation)

Memory protections (0 events):
No events

Nmethod flushes (20 events):
Event: 277.536 Thread 0x000002cefa2c5d30 flushing  nmethod 0x000002cee87cea88
Event: 277.536 Thread 0x000002cefa2c5d30 flushing  nmethod 0x000002cee87d1308
Event: 277.536 Thread 0x000002cefa2c5d30 flushing  nmethod 0x000002cee880ed88
Event: 277.536 Thread 0x000002cefa2c5d30 flushing  nmethod 0x000002cee8810988
Event: 277.536 Thread 0x000002cefa2c5d30 flushing  nmethod 0x000002cee8811288
Event: 277.536 Thread 0x000002cefa2c5d30 flushing  nmethod 0x000002cee882a688
Event: 277.536 Thread 0x000002cefa2c5d30 flushing  nmethod 0x000002cee882a988
Event: 277.536 Thread 0x000002cefa2c5d30 flushing  nmethod 0x000002cee882b708
Event: 277.536 Thread 0x000002cefa2c5d30 flushing  nmethod 0x000002cee882bf88
Event: 277.536 Thread 0x000002cefa2c5d30 flushing  nmethod 0x000002cee882de08
Event: 277.536 Thread 0x000002cefa2c5d30 flushing  nmethod 0x000002cee8861108
Event: 277.536 Thread 0x000002cefa2c5d30 flushing  nmethod 0x000002cee8861788
Event: 277.536 Thread 0x000002cefa2c5d30 flushing  nmethod 0x000002cee8a0e108
Event: 277.536 Thread 0x000002cefa2c5d30 flushing  nmethod 0x000002cee8a11888
Event: 277.536 Thread 0x000002cefa2c5d30 flushing  nmethod 0x000002cee8a19f88
Event: 277.536 Thread 0x000002cefa2c5d30 flushing  nmethod 0x000002cee8a1a308
Event: 277.536 Thread 0x000002cefa2c5d30 flushing  nmethod 0x000002cee8ad2188
Event: 277.536 Thread 0x000002cefa2c5d30 flushing  nmethod 0x000002cee8ad2988
Event: 277.536 Thread 0x000002cefa2c5d30 flushing  nmethod 0x000002cee8ad2e08
Event: 277.536 Thread 0x000002cefa2c5d30 flushing  nmethod 0x000002cee8ad3988

Events (20 events):
Event: 241.934 Thread 0x000002ce841f58e0 Thread added: 0x000002ce916cb650
Event: 243.623 Thread 0x000002cefa2f02a0 Thread added: 0x000002ce91ae28f0
Event: 244.231 Thread 0x000002ce8eb03e50 Thread exited: 0x000002ce8eb03e50
Event: 244.232 Thread 0x000002ce91ae28f0 Thread exited: 0x000002ce91ae28f0
Event: 245.394 Thread 0x000002cefa2f02a0 Thread added: 0x000002ce91ae28f0
Event: 246.309 Thread 0x000002ce91ae28f0 Thread exited: 0x000002ce91ae28f0
Event: 246.856 Thread 0x000002cefa2efa90 Thread added: 0x000002ce8fa63a70
Event: 247.150 Thread 0x000002ce8fa63a70 Thread exited: 0x000002ce8fa63a70
Event: 250.049 Thread 0x000002cefa2f02a0 Thread added: 0x000002ce80631f70
Event: 250.365 Thread 0x000002ce80631f70 Thread exited: 0x000002ce80631f70
Event: 250.763 Thread 0x000002cefa2f02a0 Thread added: 0x000002ce91ae20e0
Event: 252.030 Thread 0x000002ce91ae20e0 Thread exited: 0x000002ce91ae20e0
Event: 252.141 Thread 0x000002cefa2f02a0 Thread added: 0x000002ce84d7f440
Event: 253.709 Thread 0x000002ce84d7f440 Thread exited: 0x000002ce84d7f440
Event: 255.051 Thread 0x000002cefa2efa90 Thread added: 0x000002ce8f2d7620
Event: 255.887 Thread 0x000002ce8f2d7620 Thread exited: 0x000002ce8f2d7620
Event: 256.382 Thread 0x000002cefa2efa90 Thread added: 0x000002ce81a7c850
Event: 257.899 Thread 0x000002ce841f4170 Thread added: 0x000002ce90f8b4c0
Event: 267.749 Thread 0x000002ce841f6880 Thread added: 0x000002ce9053c7d0
Event: 269.339 Thread 0x000002ce841f4170 Thread added: 0x000002ce84a8a5c0


Dynamic libraries:
0x00007ff6c6c40000 - 0x00007ff6c6c4e000 	C:\Program Files\Eclipse Adoptium\jdk-25.0.2.10-hotspot\bin\java.exe
0x00007ffda2980000 - 0x00007ffda2be7000 	C:\WINDOWS\SYSTEM32\ntdll.dll
0x00007ffda1900000 - 0x00007ffda19ca000 	C:\WINDOWS\System32\KERNEL32.DLL
0x00007ffda02a0000 - 0x00007ffda06a2000 	C:\WINDOWS\System32\KERNELBASE.dll
0x00007ffd9fe30000 - 0x00007ffd9ff7c000 	C:\WINDOWS\System32\ucrtbase.dll
0x00007ffd50f60000 - 0x00007ffd50f7e000 	C:\Program Files\Eclipse Adoptium\jdk-25.0.2.10-hotspot\bin\VCRUNTIME140.dll
0x00007ffd50a40000 - 0x00007ffd50a56000 	C:\Program Files\Eclipse Adoptium\jdk-25.0.2.10-hotspot\bin\jli.dll
0x00007ffda1600000 - 0x00007ffda17cf000 	C:\WINDOWS\System32\USER32.dll
0x00007ffd9ff90000 - 0x00007ffd9ffb7000 	C:\WINDOWS\System32\win32u.dll
0x00007ffd83480000 - 0x00007ffd83710000 	C:\WINDOWS\WinSxS\amd64_microsoft.windows.common-controls_6595b64144ccf1df_6.0.26100.9278_none_3e0d1ba8e3303201\COMCTL32.dll
0x00007ffda15d0000 - 0x00007ffda15fb000 	C:\WINDOWS\System32\GDI32.dll
0x00007ffda2840000 - 0x00007ffda28e9000 	C:\WINDOWS\System32\msvcrt.dll
0x00007ffd9fd00000 - 0x00007ffd9fe29000 	C:\WINDOWS\System32\gdi32full.dll
0x00007ffd9fc50000 - 0x00007ffd9fcf3000 	C:\WINDOWS\System32\msvcp_win.dll
0x00007ffda2800000 - 0x00007ffda2831000 	C:\WINDOWS\System32\IMM32.DLL
0x00007ffd5ab10000 - 0x00007ffd5ab1c000 	C:\Program Files\Eclipse Adoptium\jdk-25.0.2.10-hotspot\bin\vcruntime140_1.dll
0x00007ffd17980000 - 0x00007ffd17a0d000 	C:\Program Files\Eclipse Adoptium\jdk-25.0.2.10-hotspot\bin\msvcp140.dll
0x00007ffcc9800000 - 0x00007ffcca726000 	C:\Program Files\Eclipse Adoptium\jdk-25.0.2.10-hotspot\bin\server\jvm.dll
0x00007ffda0ab0000 - 0x00007ffda0b6c000 	C:\WINDOWS\System32\ADVAPI32.dll
0x00007ffda2680000 - 0x00007ffda2729000 	C:\WINDOWS\System32\sechost.dll
0x00007ffda17e0000 - 0x00007ffda18f8000 	C:\WINDOWS\System32\RPCRT4.dll
0x00007ffda1ae0000 - 0x00007ffda1b60000 	C:\WINDOWS\System32\WS2_32.dll
0x00007ffd97830000 - 0x00007ffd97866000 	C:\WINDOWS\SYSTEM32\WINMM.dll
0x00007ffd9fa10000 - 0x00007ffd9fa6e000 	C:\WINDOWS\SYSTEM32\POWRPROF.dll
0x00007ffd83370000 - 0x00007ffd8337b000 	C:\WINDOWS\SYSTEM32\VERSION.dll
0x00007ffd9f9f0000 - 0x00007ffd9fa05000 	C:\WINDOWS\SYSTEM32\UMPDC.dll
0x00007ffd9e860000 - 0x00007ffd9e87b000 	C:\WINDOWS\SYSTEM32\kernel.appcore.dll
0x00007ffd57990000 - 0x00007ffd5799a000 	C:\Program Files\Eclipse Adoptium\jdk-25.0.2.10-hotspot\bin\jimage.dll
0x00007ffd9d270000 - 0x00007ffd9d4b2000 	C:\WINDOWS\SYSTEM32\DBGHELP.DLL
0x00007ffda10a0000 - 0x00007ffda1424000 	C:\WINDOWS\System32\combase.dll
0x00007ffda06b0000 - 0x00007ffda0789000 	C:\WINDOWS\System32\OLEAUT32.dll
0x00007ffd804e0000 - 0x00007ffd8051b000 	C:\WINDOWS\SYSTEM32\dbgcore.DLL
0x00007ffd9fb90000 - 0x00007ffd9fc3c000 	C:\WINDOWS\System32\bcryptPrimitives.dll
0x00007ffd52740000 - 0x00007ffd5274f000 	C:\Program Files\Eclipse Adoptium\jdk-25.0.2.10-hotspot\bin\instrument.dll
0x00007ffd4f030000 - 0x00007ffd4f04e000 	C:\Program Files\Eclipse Adoptium\jdk-25.0.2.10-hotspot\bin\java.dll
0x00007ffda1430000 - 0x00007ffda15c9000 	C:\WINDOWS\System32\ole32.dll
0x00007ffda1b70000 - 0x00007ffda2308000 	C:\WINDOWS\System32\SHELL32.dll
0x00007ffd9d5c0000 - 0x00007ffd9de6e000 	C:\WINDOWS\SYSTEM32\windows.storage.dll
0x00007ffda19d0000 - 0x00007ffda1acb000 	C:\WINDOWS\System32\SHCORE.dll
0x00007ffda23b0000 - 0x00007ffda2416000 	C:\WINDOWS\System32\shlwapi.dll
0x00007ffd9fab0000 - 0x00007ffd9fad9000 	C:\WINDOWS\SYSTEM32\profapi.dll
0x00007ffd49d90000 - 0x00007ffd49da7000 	C:\Program Files\Eclipse Adoptium\jdk-25.0.2.10-hotspot\bin\zip.dll
0x00007ffd4bec0000 - 0x00007ffd4bed1000 	C:\Program Files\Eclipse Adoptium\jdk-25.0.2.10-hotspot\bin\net.dll
0x00007ffd9ee20000 - 0x00007ffd9ee8c000 	C:\WINDOWS\system32\mswsock.dll
0x00007ffd4a040000 - 0x00007ffd4a056000 	C:\Program Files\Eclipse Adoptium\jdk-25.0.2.10-hotspot\bin\nio.dll
0x00007ffd527d0000 - 0x00007ffd527e0000 	C:\Program Files\Eclipse Adoptium\jdk-25.0.2.10-hotspot\bin\verify.dll
0x00007ffd4baf0000 - 0x00007ffd4bb17000 	C:\Users\ANJALI\AppData\Local\Temp\cursor-sandbox-cache\ae150007fce387d2df9383d951c55ca9\gradle\native\660c5614fbf4a5f2a75b1949f50a0caf5cd603558e7d8a26e50b933a0cfb79d1\windows-amd64\native-platform.dll
0x00007ffd1d0f0000 - 0x00007ffd1d167000 	C:\Users\ANJALI\AppData\Local\Temp\cursor-sandbox-cache\ae150007fce387d2df9383d951c55ca9\gradle\native\0.2.8\x86_64-windows-gnu\gradle-fileevents.dll
0x00007ffd55f20000 - 0x00007ffd55f2a000 	C:\Program Files\Eclipse Adoptium\jdk-25.0.2.10-hotspot\bin\management.dll
0x00007ffd55f10000 - 0x00007ffd55f1c000 	C:\Program Files\Eclipse Adoptium\jdk-25.0.2.10-hotspot\bin\management_ext.dll
0x00007ffda07f0000 - 0x00007ffda07f8000 	C:\WINDOWS\System32\PSAPI.DLL
0x00007ffd9e1e0000 - 0x00007ffd9e213000 	C:\WINDOWS\SYSTEM32\IPHLPAPI.DLL
0x00007ffda27f0000 - 0x00007ffda27fa000 	C:\WINDOWS\System32\NSI.dll
0x00007ffd54370000 - 0x00007ffd54379000 	C:\Program Files\Eclipse Adoptium\jdk-25.0.2.10-hotspot\bin\extnet.dll
0x00007ffd9f110000 - 0x00007ffd9f12b000 	C:\WINDOWS\SYSTEM32\CRYPTSP.dll
0x00007ffd9e7c0000 - 0x00007ffd9e7f9000 	C:\WINDOWS\system32\rsaenh.dll
0x00007ffd9eed0000 - 0x00007ffd9ef04000 	C:\WINDOWS\SYSTEM32\USERENV.dll
0x00007ffd9fa80000 - 0x00007ffd9faaa000 	C:\WINDOWS\SYSTEM32\bcrypt.dll
0x00007ffd9f130000 - 0x00007ffd9f13c000 	C:\WINDOWS\SYSTEM32\CRYPTBASE.dll
0x00007ffd56910000 - 0x00007ffd5691e000 	C:\Program Files\Eclipse Adoptium\jdk-25.0.2.10-hotspot\bin\sunmscapi.dll
0x00007ffda0080000 - 0x00007ffda01fe000 	C:\WINDOWS\System32\CRYPT32.dll
0x00007ffd9f350000 - 0x00007ffd9f380000 	C:\WINDOWS\SYSTEM32\ncrypt.dll
0x00007ffd9f300000 - 0x00007ffd9f33f000 	C:\WINDOWS\SYSTEM32\NTASN1.dll
0x00007ffd62a80000 - 0x00007ffd62a88000 	C:\WINDOWS\system32\wshunix.dll
0x00007ffd9e220000 - 0x00007ffd9e378000 	C:\WINDOWS\SYSTEM32\DNSAPI.dll
0x00007ffd9ec20000 - 0x00007ffd9ec2d000 	C:\WINDOWS\SYSTEM32\DSPARSE.dll
0x00007ffd8f480000 - 0x00007ffd8f48b000 	C:\Windows\System32\rasadhlp.dll
0x00007ffd96b30000 - 0x00007ffd96bb6000 	C:\WINDOWS\System32\fwpuclnt.dll
0x00007ffd99d70000 - 0x00007ffd99e0f000 	C:\WINDOWS\system32\apphelp.dll
0x00007ffd9e990000 - 0x00007ffd9e9c6000 	C:\WINDOWS\SYSTEM32\ntmarta.dll

JVMTI agents:
C:\Users\ANJALI\AppData\Local\Temp\cursor-sandbox-cache\ae150007fce387d2df9383d951c55ca9\gradle\wrapper\dists\gradle-9.6.0-bin\42k10rwplmzkhuboz9kdazi7s\gradle-9.6.0\lib\agents\gradle-instrumentation-agent-9.6.0.jar path:C:\Program Files\Eclipse Adoptium\jdk-25.0.2.10-hotspot\bin\instrument.dll, loaded, initialized, instrumentlib options:none

dbghelp: loaded successfully - version: 4.0.5 - missing functions: none
symbol engine: initialized successfully - sym options: 0x614 - pdb path: .;C:\Program Files\Eclipse Adoptium\jdk-25.0.2.10-hotspot\bin;C:\WINDOWS\SYSTEM32;C:\WINDOWS\WinSxS\amd64_microsoft.windows.common-controls_6595b64144ccf1df_6.0.26100.9278_none_3e0d1ba8e3303201;C:\Program Files\Eclipse Adoptium\jdk-25.0.2.10-hotspot\bin\server;C:\Users\ANJALI\AppData\Local\Temp\cursor-sandbox-cache\ae150007fce387d2df9383d951c55ca9\gradle\native\660c5614fbf4a5f2a75b1949f50a0caf5cd603558e7d8a26e50b933a0cfb79d1\windows-amd64;C:\Users\ANJALI\AppData\Local\Temp\cursor-sandbox-cache\ae150007fce387d2df9383d951c55ca9\gradle\native\0.2.8\x86_64-windows-gnu

VM Arguments:
jvm_args: --add-opens=java.base/java.lang=ALL-UNNAMED --add-opens=java.base/java.lang.invoke=ALL-UNNAMED --add-opens=java.base/java.util=ALL-UNNAMED --add-opens=java.prefs/java.util.prefs=ALL-UNNAMED --add-exports=jdk.compiler/com.sun.tools.javac.api=ALL-UNNAMED --add-exports=jdk.compiler/com.sun.tools.javac.util=ALL-UNNAMED --add-opens=java.base/java.nio.charset=ALL-UNNAMED --add-opens=java.base/java.net=ALL-UNNAMED --add-opens=java.base/java.util.concurrent=ALL-UNNAMED --add-opens=java.base/java.util.concurrent.atomic=ALL-UNNAMED --add-opens=java.xml/javax.xml.namespace=ALL-UNNAMED --add-opens=java.base/java.time=ALL-UNNAMED --enable-native-access=ALL-UNNAMED -Xmx2048m -Dfile.encoding=UTF-8 -Duser.country=IN -Duser.language=en -Duser.variant -javaagent:C:\Users\ANJALI\AppData\Local\Temp\cursor-sandbox-cache\ae150007fce387d2df9383d951c55ca9\gradle\wrapper\dists\gradle-9.6.0-bin\42k10rwplmzkhuboz9kdazi7s\gradle-9.6.0\lib\agents\gradle-instrumentation-agent-9.6.0.jar 
java_command: org.gradle.launcher.daemon.bootstrap.GradleDaemon 9.6.0
java_class_path (initial): C:\Users\ANJALI\AppData\Local\Temp\cursor-sandbox-cache\ae150007fce387d2df9383d951c55ca9\gradle\wrapper\dists\gradle-9.6.0-bin\42k10rwplmzkhuboz9kdazi7s\gradle-9.6.0\lib\gradle-daemon-main-9.6.0.jar
Launcher Type: SUN_STANDARD

[Global flags]
     intx CICompilerCount                          = 4                                         {product} {ergonomic}
     uint ConcGCThreads                            = 2                                         {product} {ergonomic}
     uint G1ConcRefinementThreads                  = 8                                         {product} {ergonomic}
   size_t G1HeapRegionSize                         = 1048576                                   {product} {ergonomic}
   size_t InitialHeapSize                          = 130023424                                 {product} {ergonomic}
   size_t MarkStackSize                            = 4194304                                   {product} {ergonomic}
   size_t MarkStackSizeMax                         = 536870912                                 {product} {ergonomic}
   size_t MaxHeapSize                              = 2147483648                                {product} {command line}
   size_t MaxNewSize                               = 1287651328                                {product} {ergonomic}
   size_t MinHeapDeltaBytes                        = 1048576                                   {product} {ergonomic}
   size_t MinHeapSize                              = 8388608                                   {product} {ergonomic}
    uintx NonNMethodCodeHeapSize                   = 5832704                                {pd product} {ergonomic}
    uintx NonProfiledCodeHeapSize                  = 122945536                              {pd product} {ergonomic}
    uintx ProfiledCodeHeapSize                     = 122880000                              {pd product} {ergonomic}
    uintx ReservedCodeCacheSize                    = 251658240                              {pd product} {ergonomic}
     bool SegmentedCodeCache                       = true                                      {product} {ergonomic}
   size_t SoftMaxHeapSize                          = 2147483648                             {manageable} {ergonomic}
     bool UseCompressedOops                        = true                           {product lp64_product} {ergonomic}
     bool UseG1GC                                  = true                                      {product} {ergonomic}
     bool UseLargePagesIndividualAllocation        = false                                  {pd product} {ergonomic}

Logging:
Log output configuration:
 #0: stdout all=warning uptime,level,tags foldmultilines=false
 #1: stderr all=off uptime,level,tags foldmultilines=false

Release file:
IMPLEMENTOR="Eclipse Adoptium" 
IMPLEMENTOR_VERSION="Temurin-25.0.2+10" 
JAVA_RUNTIME_VERSION="25.0.2+10-LTS" 
JAVA_VERSION="25.0.2" 
JAVA_VERSION_DATE="2026-01-20" 
LIBC="default" 
MODULES="java.base java.compiler java.datatransfer java.xml java.prefs java.desktop java.instrument java.logging java.management java.security.sasl java.naming java.rmi java.management.rmi java.net.http java.scripting java.security.jgss java.transaction.xa java.sql java.sql.rowset java.xml.crypto java.se java.smartcardio jdk.accessibility jdk.internal.jvmstat jdk.attach jdk.charsets jdk.internal.opt jdk.zipfs jdk.compiler jdk.crypto.cryptoki jdk.crypto.ec jdk.crypto.mscapi jdk.dynalink jdk.internal.ed jdk.editpad jdk.internal.vm.ci jdk.graal.compiler jdk.graal.compiler.management jdk.hotspot.agent jdk.httpserver jdk.incubator.vector jdk.internal.le jdk.internal.md jdk.jartool jdk.javadoc jdk.jcmd jdk.management jdk.management.agent jdk.jconsole jdk.jdeps jdk.jdwp.agent jdk.jdi jdk.jfr jdk.jlink jdk.jpackage jdk.jshell jdk.jsobject jdk.jstatd jdk.localedata jdk.management.jfr jdk.naming.dns jdk.naming.rmi jdk.net jdk.nio.mapmode jdk.sctp jdk.security.auth jdk.security.jgss jdk.unsupported jdk.unsupported.desktop jdk.xml.dom" 
OS_ARCH="x86_64" 
OS_NAME="Windows" 
SOURCE=".:git:9e3c947043a4" 
BUILD_SOURCE="git:458965074606f027bd5afce2cfd5c1055dea0438"
BUILD_SOURCE_REPO="https://github.com/adoptium/temurin-build.git"
SOURCE_REPO="https://github.com/adoptium/jdk25u.git"
FULL_VERSION="25.0.2+10-LTS"
SEMANTIC_VERSION="25.0.2+10"
BUILD_INFO="OS: Windows Server 2022 Version: 10.0"
JVM_VARIANT="Hotspot"
JVM_VERSION="25.0.2+10-LTS"
IMAGE_TYPE="JDK"

Environment Variables:
PATH=c:\Users\ANJALI\AppData\Local\Programs\cursor\resources\app\node_modules\@vscode\ripgrep\bin;C:\Program Files\Eclipse Adoptium\jdk-25.0.2.10-hotspot\bin;C:\Program Files\Common Files\Oracle\Java\javapath;C:\WINDOWS\system32;C:\WINDOWS;C:\WINDOWS\System32\Wbem;C:\WINDOWS\System32\WindowsPowerShell\v1.0\;C:\WINDOWS\System32\OpenSSH\;C:\Program Files\dotnet\;C:\Program Files\nodejs\;C:\Program Files\Git\cmd;C:\Users\ANJALI\AppData\Local\Microsoft\WindowsApps;C:\Users\ANJALI\AppData\Roaming\npm;C:\Users\ANJALI\AppData\Local\Programs\Microsoft VS Code\bin;C:\Users\ANJALI\AppData\Local\Programs\cursor\resources\app\bin
USERNAME=ANJALI
TERM=dumb
OS=Windows_NT
PROCESSOR_IDENTIFIER=Intel64 Family 6 Model 154 Stepping 4, GenuineIntel
TMP=C:\Users\ANJALI\AppData\Local\Temp
TEMP=C:\Users\ANJALI\AppData\Local\Temp




Compilation memory statistics disabled.

Periodic native trim disabled

---------------  S Y S T E M  ---------------

OS:
 Windows 11 , 64 bit Build 26100 (10.0.26100.9278)
OS uptime: 18 days 17:51 hours
Hyper-V role detected

CPU: total 8 (initial active 8) (4 cores per cpu, 2 threads per core) family 6 model 154 stepping 4 microcode 0x43b, cx8, cmov, fxsr, ht, mmx, 3dnowpref, sse, sse2, sse3, ssse3, sse4.1, sse4.2, popcnt, lzcnt, tsc, tscinvbit, avx, avx2, aes, erms, clmul, bmi1, bmi2, adx, sha, fma, vzeroupper, clflush, clflushopt, clwb, hv, serialize, rdtscp, rdpid, fsrm, gfni, f16c, cet_ibt, cet_ss
Processor Information for the first 8 processors :
  Max Mhz: 1200, Current Mhz: 1200, Mhz Limit: 1200

Memory: 4k page, system-wide physical 7876M (323M free)
TotalPageFile size 23362M (AvailPageFile size 1126M)
current process WorkingSet (physical memory assigned to process): 887M, peak: 889M
current process commit charge ("private bytes"): 1116M, peak: 1376M

vm_info: OpenJDK 64-Bit Server VM (25.0.2+10-LTS) for windows-amd64 JRE (25.0.2+10-LTS), built on 2026-01-20T00:00:00Z with MS VC++ 17.12 (VS2022)

END.
